{
    "MR": [
        0.04079234190285206,
        0.009040115773677826,
        0.015250183665193618,
        0.00034229867160320284,
        -0.008919559884816408,
        -0.0025683654472231864,
        0.039289816026575865,
        0.024310239404439927,
        0.23105179369449616,
        0.2812130093574524,
        0.3675420343875885,
        0.3959918677806854
    ],
    "CR": [
        0.03587186858057976,
        0.05730918347835541,
        0.036883885785937306,
        0.06431961134076118,
        0.05395180210471153,
        0.07873122356832027,
        0.12628535330295562,
        0.1208395503461361,
        0.2501321315765381,
        0.29021588563919065,
        0.3155273377895355,
        0.3302188038825989
    ],
    "SUBJ": [
        0.03609140552580357,
        0.11424803584814072,
        0.1054854765534401,
        0.15492357313632965,
        0.2043612241744995,
        0.2242578983306885,
        0.2145709663629532,
        0.20799254775047302,
        0.22298552989959716,
        0.2312276244163513,
        0.25368152260780336,
        0.2709872543811798
    ],
    "MPQA": [
        0.0386334983893903,
        0.07795657813549042,
        0.05730202943086624,
        0.11207422316074371,
        0.1442363902926445,
        0.16213804483413696,
        0.18829534351825714,
        0.19841463267803192,
        0.21961111426353455,
        0.23403521478176117,
        0.2720020622014999,
        0.2800677567720413
    ],
    "SST2": [
        0.05510246083140373,
        -0.0602566902525723,
        -0.01600185235729441,
        0.03189770635217428,
        -0.027969182841479777,
        0.09332457780838013,
        0.06287001073360443,
        -0.13226240845563098,
        0.254782697558403,
        0.16548460125923156,
        0.34709892272949217,
        0.4988207399845123
    ],
    "TREC": [
        0.03890052065253258,
        0.1154753178358078,
        0.0627087727189064,
        0.12023492753505707,
        0.23340856432914733,
        0.30418784022331236,
        0.3380194365978241,
        0.33711588978767393,
        0.3702613770961761,
        0.3696022152900696,
        0.38769354224205016,
        0.3879885137081146
    ],
    "MRPC": [
        0.032114349235780534,
        0.048992054909467696,
        0.04300249293446541,
        0.07666463702917099,
        0.09943996369838715,
        0.15849170982837676,
        0.1555151253938675,
        0.13650305867195128,
        0.14302486777305604,
        0.16057929992675782,
        0.1617871791124344,
        0.1729083776473999
    ],
    "NLI": [
        -0.024496217351406814,
        -0.10187387317419053,
        -0.05315206795930862,
        -0.1003390833735466,
        -0.2205377548933029,
        -0.005757576413452625,
        0.2251006156206131,
        0.07349485978484153,
        0.3186712026596069,
        0.2461189329624176,
        0.2949813663959503,
        0.16522026658058167
    ],
    "AVG_ALL": [
        0.031626278470866964,
        0.032611340319272125,
        0.03143486509652576,
        0.05751473673153669,
        0.05974643087247387,
        0.1266006690915674,
        0.16874333344458137,
        0.12080104624598959,
        0.25131508931517604,
        0.24730959795415403,
        0.3000392459332943,
        0.31277544759213927
    ],
    "AVG_SENTEVAL": [
        0.039643777874048935,
        0.05182351367548107,
        0.04351871267593067,
        0.0800652824608343,
        0.0997870288390134,
        0.14550898987799882,
        0.16069229313371972,
        0.12755907288329646,
        0.24169278740882877,
        0.2474796929529735,
        0.3007618001529148,
        0.3338547591652189
    ]
}