{
    "MR": [
        0.03927745819091797,
        0.038204212486743924,
        0.037086497992277145,
        0.035614702850580215,
        0.03837819136679173,
        0.10147536396980286,
        0.14401487410068511,
        0.15392785966396333,
        0.14179883152246475,
        0.13027456402778625,
        0.09942958801984787,
        0.04051784947514534
    ],
    "CR": [
        0.05196963027119637,
        0.05119301453232765,
        0.05066004917025566,
        0.04997994676232338,
        0.06030457690358162,
        0.11359407752752304,
        0.12458672374486923,
        0.1225604072213173,
        0.11972974538803101,
        0.11282841414213181,
        0.08973610997200013,
        0.05285731181502342
    ],
    "SUBJ": [
        0.03755494654178619,
        0.036224395781755445,
        0.035122016072273256,
        0.033275822550058363,
        0.05654613375663757,
        0.09607589840888978,
        0.14530875086784362,
        0.13734664022922516,
        0.13556465804576873,
        0.1193873107433319,
        0.128529953956604,
        0.03906348869204521
    ],
    "MPQA": [
        0.05615693554282188,
        0.05253631845116615,
        0.054135244339704514,
        0.05011479780077934,
        0.09153196811676026,
        0.12537946701049804,
        0.13558970689773558,
        0.13067809790372847,
        0.10911858677864075,
        0.09369505494832993,
        0.052285435795784,
        0.04877837672829628
    ],
    "SST2": [
        0.042284967750310896,
        0.023563365265727044,
        0.021762565523386002,
        0.016009887494146825,
        0.02455639950931072,
        0.14104361832141876,
        0.3335211455821991,
        0.1392736867070198,
        0.12673465758562089,
        0.08434507697820663,
        0.027273431420326233,
        0.019631190970540047
    ],
    "TREC": [
        0.0459583930671215,
        0.04489862397313118,
        0.04484514892101288,
        0.05026175454258919,
        0.11008212119340896,
        0.11751894056797027,
        0.11857950985431671,
        0.12087686955928803,
        0.12081207484006881,
        0.11486244052648545,
        0.06577328443527222,
        0.04553087204694748
    ],
    "MRPC": [
        0.06428161263465881,
        0.0656477801501751,
        0.0629774309694767,
        0.06238611489534378,
        0.06476301029324531,
        0.09934113472700119,
        0.10381089597940445,
        0.10396631956100463,
        0.10585422664880753,
        0.11091707944869995,
        0.09254724830389023,
        0.06350711584091187
    ],
    "NLI": [
        0.0058891626074910166,
        0.0050520617980509995,
        0.003610909776762128,
        0.003237492358312011,
        0.006815036665648222,
        0.041559047251939776,
        0.0880146250128746,
        0.5797126412391662,
        0.19677024185657502,
        0.05630897954106331,
        0.007940669544041157,
        0.005089137144386769
    ],
    "AVG_ALL": [
        0.04292163832578808,
        0.03966497155488469,
        0.03877498284564354,
        0.03761006490676664,
        0.05662217972567305,
        0.10449844347313048,
        0.14917827900499106,
        0.18604281526058913,
        0.13204787783324717,
        0.1028273650445044,
        0.07043946518097073,
        0.03937191783916205
    ],
    "AVG_SENTEVAL": [
        0.04821199199983052,
        0.04460967294871807,
        0.043798421855483737,
        0.04252043241368873,
        0.06373748587710518,
        0.11348978579044343,
        0.15791594386100768,
        0.12980426869222098,
        0.12280182582991463,
        0.10947284868785313,
        0.07936786455767496,
        0.04426945793841567
    ]
}