{"STS_seed_42": {"train_loss": [0.13059745243062143, 0.058408936890571014, 0.04550735360902289, 0.03753521455370862, 0.033215199961610466, 0.03029707584368146, 0.028070280004454697, 0.026998619994391567, 0.025574525494290436, 0.024835975030842034, 0.02400521359041981, 0.024087255172755406, 0.0237772808936627, 0.0230200890775608, 0.02277269481640795, 0.022437185534964436, 0.022377153858542442, 0.022280915518817695, 0.022109592495405155, 0.02151750441154708, 0.021470684234214867, 0.020746563520768414, 0.021231065625729767, 0.02065167470794657, 0.021037384057822434, 0.020473942322575527, 0.020735277834793796, 0.020583122158827988, 0.02054085784956165, 0.020400891566406124, 0.020041383074029633, 0.020380713936427364, 0.02028124771364357, 0.0202702091925818, 0.020213502904643185, 0.02003836081079815, 0.020236804271521774, 0.02002794740964537, 0.0196783982379281, 0.02028456257413263, 0.019703676600171173], "val_spearman": [0.597250018399289, 0.757393685713295, 0.8061601250181374, 0.8291091942159188, 0.8416315533804094, 0.8508200152293117, 0.8569630692853025, 0.8608840541941364, 0.8633000861084285, 0.8662884885239723, 0.8683977159563455, 0.869833736519036, 0.8710175440435596, 0.8715806487550745, 0.873147212112364, 0.8734109329346956, 0.8743341773432577, 0.8751739234736304, 0.8760798191157873, 0.8767936345543835, 0.8771279959947971, 0.8779438079449728, 0.8785790290233505, 0.8793068462509565, 0.8800499464072455, 0.8799692043587137, 0.8799007772652889, 0.8804043256550501, 0.8804664733847164, 0.8806638204958213, 0.8800869873580418, 0.8808045252191326, 0.8821185439183771, 0.8817044742379736, 0.8816155969525181, 0.8826752969711427, 0.882851113818298, 0.8839952551762603, 0.8835641552350088, 0.8834988260084877, 0.8837832212222926], "val_pearson": [0.5924492967877494, 0.7349898135312856, 0.7860763675269885, 0.8137669318432017, 0.8294326931428903, 0.8404787966062606, 0.8481247659657242, 0.8527725405279396, 0.855963344553307, 0.8592988781879147, 0.8616188130068017, 0.8633129369767227, 0.8648206580814161, 0.8657362499910353, 0.8673616428373999, 0.8678565177997939, 0.8688919299839987, 0.8700450773665178, 0.8706295528069387, 0.8719113547391065, 0.8722973736185171, 0.8728770037452418, 0.8734923461289996, 0.874269085185807, 0.874776397822576, 0.8750212469666411, 0.8753548139769408, 0.8756807412191198, 0.8752219361905141, 0.8759114896574381, 0.8753013718339293, 0.8759470952208198, 0.8772116924262563, 0.8763018853883621, 0.8768344637765808, 0.8777641772641867, 0.8775258607653827, 0.879029931935133, 0.8783575835352613, 0.8783520619796907, 0.878911011449914], "weight_evolution": [[0.08268415182828903, 0.08259554207324982, 0.08266063034534454, 0.08270417898893356, 0.0826047956943512, 0.0826709121465683, 0.08258913457393646, 0.08489230275154114, 0.08437077701091766, 0.08438323438167572, 0.08400487899780273, 0.08383946120738983], [0.08249107003211975, 0.08230990916490555, 0.08230029791593552, 0.08237098902463913, 0.08202017098665237, 0.08225928246974945, 0.08222484588623047, 0.08606992661952972, 0.08486830443143845, 0.08517059683799744, 0.08425773680210114, 0.08365684747695923], [0.08213839679956436, 0.0819096788764, 0.0817907303571701, 0.08198342472314835, 0.08152205497026443, 0.08173149824142456, 0.08188365399837494, 0.0874345526099205, 0.08541947603225708, 0.08603570610284805, 0.0846908837556839, 0.08345990628004074], [0.08162246644496918, 0.08137859404087067, 0.08110122382640839, 0.08140701055526733, 0.08087926357984543, 0.08099006116390228, 0.08131791651248932, 0.08906834572553635, 0.08615538477897644, 0.08714281767606735, 0.0854332372546196, 0.08350373059511185], [0.08113138377666473, 0.08087147027254105, 0.08042434602975845, 0.08082335442304611, 0.08027417957782745, 0.080220066010952, 0.08056201040744781, 0.09047621488571167, 0.08686944097280502, 0.08827494829893112, 0.08635003119707108, 0.0837225466966629], [0.08070092648267746, 0.08044388890266418, 0.07982897758483887, 0.08030140399932861, 0.07973850518465042, 0.07942703366279602, 0.0797153115272522, 0.09151186048984528, 0.08764450997114182, 0.08939854055643082, 0.08732913434505463, 0.0839599072933197], [0.08030413091182709, 0.08005224913358688, 0.07926245778799057, 0.07977776974439621, 0.07919862121343613, 0.07866384088993073, 0.07876912504434586, 0.092429019510746, 0.08840414881706238, 0.09055203199386597, 0.08832678198814392, 0.08425985276699066], [0.07990221679210663, 0.07966271787881851, 0.07870101183652878, 0.07925837486982346, 0.07868268340826035, 0.07790352404117584, 0.07781194895505905, 0.09310639649629593, 0.08921049535274506, 0.0917128473520279, 0.08943193405866623, 0.0846158042550087], [0.07954950630664825, 0.07929418981075287, 0.07814399152994156, 0.07870549708604813, 0.07813665270805359, 0.07711748778820038, 0.0768859013915062, 0.09356551617383957, 0.09009998291730881, 0.09291135519742966, 0.09059776365756989, 0.08499220758676529], [0.07924548536539078, 0.07900582253932953, 0.0776929184794426, 0.07823728024959564, 0.07765167206525803, 0.0764332190155983, 0.07595183700323105, 0.09386728703975677, 0.09091317653656006, 0.09401825070381165, 0.09170112758874893, 0.08528194576501846], [0.07892599701881409, 0.07869568467140198, 0.07722354680299759, 0.07775834202766418, 0.07714683562517166, 0.07569859176874161, 0.07496429979801178, 0.09404940158128738, 0.09180325269699097, 0.09518048912286758, 0.09287076443433762, 0.08568277955055237], [0.07872547209262848, 0.07849571853876114, 0.07688847929239273, 0.07737824320793152, 0.07675335556268692, 0.075069859623909, 0.07396654039621353, 0.09390188753604889, 0.0926293432712555, 0.09621869772672653, 0.09394857287406921, 0.08602389693260193], [0.07842881232500076, 0.07821724563837051, 0.07643973082304001, 0.07687897980213165, 0.07625818252563477, 0.07434368878602982, 0.07294443249702454, 0.09402142465114594, 0.09359222650527954, 0.0973731055855751, 0.0951080173254013, 0.08639418333768845], [0.07819398492574692, 0.07796579599380493, 0.07603439688682556, 0.07646184414625168, 0.07582731544971466, 0.07370927184820175, 0.0720820352435112, 0.09393048286437988, 0.09449049830436707, 0.09838340431451797, 0.09618926793336868, 0.08673163503408432], [0.07790879160165787, 0.07770004123449326, 0.07562389224767685, 0.07601179927587509, 0.07534192502498627, 0.07300657033920288, 0.07118138670921326, 0.09388578683137894, 0.09541906416416168, 0.09949607402086258, 0.09735571593046188, 0.08706890046596527], [0.0776793360710144, 0.07749418914318085, 0.07528185099363327, 0.07563532888889313, 0.0749601200222969, 0.07242066413164139, 0.07030107080936432, 0.09348643571138382, 0.09629619121551514, 0.10055549442768097, 0.0984887033700943, 0.08740057796239853], [0.07739196717739105, 0.07721752673387527, 0.07485616207122803, 0.0751737430691719, 0.0744534432888031, 0.07175947725772858, 0.06944726407527924, 0.09335320442914963, 0.09724611788988113, 0.10163972526788712, 0.09966378659009933, 0.08779753744602203], [0.07721102982759476, 0.07705236971378326, 0.0745529904961586, 0.07484883815050125, 0.07409598678350449, 0.07118411362171173, 0.06850838661193848, 0.0929160788655281, 0.09805095195770264, 0.10268747806549072, 0.10082594305276871, 0.08806584775447845], [0.07695747911930084, 0.07682006806135178, 0.07418674230575562, 0.07445019483566284, 0.07366093248128891, 0.07063504308462143, 0.06768754124641418, 0.09261001646518707, 0.09889298677444458, 0.10371960699558258, 0.10195257514715195, 0.0884268581867218], [0.0767095759510994, 0.07658131420612335, 0.0738309770822525, 0.07406291365623474, 0.07325053215026855, 0.0701134130358696, 0.06693456321954727, 0.09227079898118973, 0.09971959888935089, 0.10471203178167343, 0.10310401767492294, 0.08871030807495117], [0.07645940780639648, 0.07634087651968002, 0.07345008850097656, 0.07361814379692078, 0.07278066128492355, 0.06944064050912857, 0.06604182720184326, 0.0919874906539917, 0.10060636699199677, 0.10583285242319107, 0.10435910522937775, 0.0890825167298317], [0.07621169090270996, 0.07612096518278122, 0.0731169730424881, 0.07320728898048401, 0.07232705503702164, 