{
    "STS": [
        0.07201285660266876,
        0.07191790640354156,
        0.0673891082406044,
        0.06669555604457855,
        0.06556032598018646,
        0.06028410792350769,
        0.0535472072660923,
        0.08436616510152817,
        0.11447427421808243,
        0.1226494312286377,
        0.12669456005096436,
        0.0944085568189621
    ],
    "AVG_ALL": [
        0.07201285660266876,
        0.07191790640354156,
        0.0673891082406044,
        0.06669555604457855,
        0.06556032598018646,
        0.06028410792350769,
        0.0535472072660923,
        0.08436616510152817,
        0.11447427421808243,
        0.1226494312286377,
        0.12669456005096436,
        0.0944085568189621
    ]
}