{
    "MR": [
        0.0735961940139532,
        0.04717822950333357,
        0.04783116616308689,
        0.046594830602407454,
        0.0649729922413826,
        0.06195652596652508,
        0.09974769726395608,
        0.056785255856812,
        0.06697948984801769,
        0.07263587303459644,
        0.08845648765563965,
        0.2732652187347412
    ],
    "CR": [
        0.08429759740829468,
        0.08267154395580292,
        0.08311174660921097,
        0.08376816213130951,
        0.0828532487154007,
        0.08286657631397247,
        0.08280863165855408,
        0.08313489258289337,
        0.08327489942312241,
        0.08349859267473221,
        0.08333508223295212,
        0.0843790128827095
    ],
    "SUBJ": [
        0.018853957392275335,
        0.018680460192263125,
        0.01876817299053073,
        0.01826163148507476,
        0.16695501580834388,
        0.043944347836077216,
        0.0214687030762434,
        0.0313398502767086,
        0.018971646297723056,
        0.02482974585145712,
        0.02704826332628727,
        0.5908781945705414
    ],
    "MPQA": [
        0.08598711788654327,
        0.08260871171951294,
        0.08339854478836059,
        0.08282863348722458,
        0.08233008831739426,
        0.08218297958374024,
        0.08211998492479325,
        0.08307243287563323,
        0.08302190601825714,
        0.08337007761001587,
        0.08369270116090774,
        0.08538682609796525
    ],
    "SST2": [
        0.06202777177095413,
        0.0006755318681825884,
        0.0009616417024517432,
        0.0011321091966237872,
        0.001648927544010803,
        0.0013768769393209368,
        0.0008660394320031628,
        0.0010724955442128702,
        0.0019815489416942,
        0.0010533289285376668,
        0.007927731517702341,
        0.9192759752273559
    ],
    "TREC": [
        0.11119511872529983,
        0.0717950277030468,
        0.07001669853925704,
        0.06927618682384491,
        0.10514306575059891,
        0.08462831377983093,
        0.07565256729722022,
        0.0785124883055687,
        0.07590337842702866,
        0.07907317578792572,
        0.07716893702745438,
        0.10163502097129821
    ],
    "MRPC": [
        0.08442386388778686,
        0.08232098221778869,
        0.08305254429578782,
        0.08419009298086166,
        0.08295762985944748,
        0.08281928449869155,
        0.08290306776762009,
        0.08325739204883575,
        0.08327397257089615,
        0.08338027447462082,
        0.08298758864402771,
        0.08443333655595779
    ],
    "NLI": [
        0.0006740274664480239,
        0.0007324819394852966,
        0.0003335014160256833,
        0.0006052659067790955,
        0.021025862731039523,
        0.012942158617079258,
        0.004568682797253132,
        0.0016957046696916222,
        0.004018534347414971,
        0.004081519227474928,
        0.0005579511635005474,
        0.9487643003463745
    ],
    "AVG_ALL": [
        0.06513195606894442,
        0.048332871137426986,
        0.04843425206308893,
        0.04833211407676572,
        0.07598585387095227,
        0.05658963294190471,
        0.05626692177720542,
        0.05235881402004451,
        0.05217817198426928,
        0.053990323448670094,
        0.05639684284105897,
        0.38600223567336805
    ],
    "AVG_SENTEVAL": [
        0.07434023158358675,
        0.055132926737132944,
        0.05530578786981225,
        0.055150235243906665,
        0.0838372811766541,
        0.06282498641687977,
        0.06365238448862717,
        0.05959640107009493,
        0.059058120218105616,
        0.06112015262312655,
        0.06437382736642445,
        0.3056076550057957
    ]
}