{
    "MR": [
        0.024885980039834978,
        0.012948804721236228,
        0.018024079874157904,
        0.011907544638961553,
        0.012813803553581238,
        0.01258846689015627,
        0.014252366498112679,
        0.0136793851852417,
        0.01256762882694602,
        0.013477730937302113,
        0.6832332491874695,
        0.16962092518806457
    ],
    "CR": [
        0.0835545837879181,
        0.08315580785274505,
        0.08312188535928726,
        0.08314087837934495,
        0.08310196995735168,
        0.0830671638250351,
        0.08312958478927612,
        0.08321484178304672,
        0.08303243815898895,
        0.08333427459001541,
        0.08411305099725723,
        0.08403354287147521
    ],
    "SUBJ": [
        0.007733763474971056,
        0.007871990371495486,
        0.008532939199358224,
        0.00816088793799281,
        0.007975096069276332,
        0.007900778204202652,
        0.008224681299179793,
        0.008212951570749282,
        0.008083905372768641,
        0.008598105702549218,
        0.6822184324264526,
        0.23648644089698792
    ],
    "MPQA": [
        0.04941132999956608,
        0.03181840591132641,
        0.07082667350769042,
        0.03130940776318312,
        0.031242695078253745,
        0.03140262402594089,
        0.03062813151627779,
        0.030956415459513664,
        0.03159155547618866,
        0.031473666243255136,
        0.4386806309223175,
        0.19065844714641572
    ],
    "SST2": [
        0.00364472942892462,
        0.0027825926430523396,
        0.0033862312557175756,
        0.0026416764594614506,
        0.002799885277636349,
        0.002728171821217984,
        0.003090287186205387,
        0.0029278053436428307,
        0.00282932500122115,
        0.0028206285671330987,
        0.7434482455253602,
        0.2269004315137863
    ],
    "TREC": [
        0.07968984842300415,
        0.08006671071052551,
        0.08187739551067352,
        0.07962737679481506,
        0.07958579510450363,
        0.07954390794038772,
        0.07931390702724457,
        0.07909752130508423,
        0.07984049916267395,
        0.07907725870609283,
        0.10192409306764602,
        0.10035571157932281
    ],
    "MRPC": [
        0.08348132222890854,
        0.08308190852403641,
        0.08300990909337998,
        0.08310558050870895,
        0.08306073695421219,
        0.0830138236284256,
        0.0831139326095581,
        0.0832159548997879,
        0.08301703333854675,
        0.08334378004074097,
        0.0843968465924263,
        0.08415915668010712
    ],
    "NLI": [
        0.0018964361399412156,
        0.00035181027778889983,
        0.00040056471480056646,
        0.00028022174519719555,
        0.0002935887489002198,
        0.0002744400218944065,
        0.0003188163696904667,
        0.0003034747380297631,
        0.0002937336466857232,
        0.0003153336074319668,
        0.5204558730125427,
        0.47481573820114137
    ],
    "AVG_ALL": [
        0.041787249190383596,
        0.037759753876525796,
        0.04364745981438318,
        0.03752169677845813,
        0.037609196342964425,
        0.03756492204465758,
        0.03775896341194311,
        0.03770104378563701,
        0.037657014873002485,
        0.037805097299315096,
        0.417308802716434,
        0.19587879925966264
    ],
    "AVG_SENTEVAL": [
        0.047485936769018224,
        0.043103745819202496,
        0.049825587685752126,
        0.042841907497495404,
        0.04293999742783074,
        0.042892133762195174,
        0.043107555846550634,
        0.0430435536495809,
        0.04299462647676202,
        0.04316077782672697,
        0.402573506959847,
        0.1560306651251657
    ]
}