{
    "MR": [
        0.04953531548380852,
        0.04687029346823692,
        0.04808286875486374,
        0.04807777404785156,
        0.04828769341111183,
        0.04251669868826866,
        0.054988393932580946,
        0.05340870022773743,
        0.1168403834104538,
        0.14520182013511657,
        0.17108087837696076,
        0.1751091957092285
    ],
    "CR": [
        0.060658426582813264,
        0.06085957661271095,
        0.06167323961853981,
        0.062318114936351775,
        0.061813097447156906,
        0.058557937294244765,
        0.0801765725016594,
        0.07700369209051132,
        0.11203063875436783,
        0.11946151554584503,
        0.12372580021619797,
        0.12172140032052994
    ],
    "SUBJ": [
        0.04997883215546608,
        0.05016054809093475,
        0.05100023373961449,
        0.053396986424922945,
        0.05521952882409096,
        0.058858846127986905,
        0.09331956654787063,
        0.08798242807388305,
        0.10814060717821121,
        0.12049596011638641,
        0.133685003221035,
        0.13776145726442338
    ],
    "MPQA": [
        0.055542401224374774,
        0.05522622540593147,
        0.054896017909049986,
        0.056256336718797685,
        0.059568057954311374,
        0.06384131163358689,
        0.10305802673101425,
        0.10418282002210617,
        0.11476776599884034,
        0.12140143811702728,
        0.13133512288331986,
        0.07992449402809143
    ],
    "SST2": [
        0.038673092424869535,
        0.03632297143340111,
        0.03672016486525535,
        0.03689091056585312,
        0.036479242518544196,
        0.03385407924652099,
        0.0365006148815155,
        0.032735180109739304,
        0.10481979250907898,
        0.11583029478788376,
        0.19826942682266235,
        0.29290425181388857
    ],
    "TREC": [
        0.042339836806058885,
        0.042412332445383075,
        0.042383771389722824,
        0.04221377521753311,
        0.04118481427431107,
        0.04577331095933914,
        0.12634147703647614,
        0.11677024215459823,
        0.1450587511062622,
        0.14665601253509522,
        0.14474283158779144,
        0.06412286460399627
    ],
    "MRPC": [
        0.06657479405403137,
        0.06831774413585663,
        0.06826072484254837,
        0.06564197167754174,
        0.06739010512828827,
        0.09306424111127853,
        0.09712351560592651,
        0.09009793102741241,
        0.09246541559696198,
        0.09834498763084412,
        0.09649117738008499,
        0.0962273821234703
    ],
    "NLI": [
        0.023574019968509673,
        0.02149987854063511,
        0.021583127230405806,
        0.01916111893951893,
        0.01819874420762062,
        0.029194622486829757,
        0.0932017982006073,
        0.075616255402565,
        0.2025086134672165,
        0.20929627418518065,
        0.19108096659183502,
        0.09508459419012069
    ],
    "AVG_ALL": [
        0.048359589837491515,
        0.04770869626663625,
        0.04807501854375004,
        0.047994623566046356,
        0.04851766047067941,
        0.05320763094350695,
        0.08558874567970633,
        0.07972465613856912,
        0.12457899600267411,
        0.13458603788167237,
        0.14880140088498592,
        0.13285695500671862
    ],
    "AVG_SENTEVAL": [
        0.05190038553306035,
        0.05145281308463641,
        0.051859574445656365,
        0.052113695655550275,
        0.05284893422254495,
        0.05663806072303227,
        0.08450116674814905,
        0.08031157052942685,
        0.11344619350773948,
        0.12391314698117119,
        0.14276146292686462,
        0.13825300655194692
    ]
}