{
    "MR": [
        0.03024638704955578,
        0.028000377491116522,
        0.026290987432003022,
        0.024962065368890764,
        0.02265581451356411,
        0.026737064868211747,
        0.059885141998529436,
        0.1200852170586586,
        0.1638114035129547,
        0.2928289234638214,
        0.158742356300354,
        0.04575424343347549
    ],
    "CR": [
        0.0422233521938324,
        0.041198435425758365,
        0.03963543623685837,
        0.039414442330598834,
        0.04164439216256142,
        0.05126422643661499,
        0.11524752080440522,
        0.15941380560398102,
        0.16252035796642303,
        0.18285312354564667,
        0.07345005273818969,
        0.05113484859466553
    ],
    "SUBJ": [
        0.03629964962601662,
        0.03474053516983986,
        0.03132704310119152,
        0.03250476978719234,
        0.0564723938703537,
        0.0925198346376419,
        0.12983294427394867,
        0.15646909773349763,
        0.1495191216468811,
        0.18104304671287536,
        0.04171479195356369,
        0.0575567714869976
    ],
    "MPQA": [
        0.06400231570005417,
        0.05031936913728714,
        0.042420481145381925,
        0.08411186188459396,
        0.10412288606166839,
        0.10522305220365524,
        0.15815797001123427,
        0.1606007695198059,
        0.06014324352145195,
        0.08502082824707032,
        0.04068408608436584,
        0.04519314095377922
    ],
    "SST2": [
        0.03710611313581467,
        0.02886143885552883,
        0.024703981727361678,
        0.026456719264388084,
        0.023114893585443497,
        0.03431951776146889,
        0.09776851385831833,
        0.16939410269260408,
        0.13443906158208846,
        0.3622402369976044,
        0.038368815928697585,
        0.023226617276668547
    ],
    "TREC": [
        0.04424207508563995,
        0.042840616405010225,
        0.04035978689789772,
        0.05522866472601891,
        0.13372049629688262,
        0.15714577138423919,
        0.1668351948261261,
        0.17297258079051972,
        0.04890773668885231,
        0.043456177413463595,
        0.042047999799251556,
        0.052242892980575564
    ],
    "MRPC": [
        0.054412756115198135,
        0.054923927038908006,
        0.050713855773210526,
        0.05218825116753578,
        0.05296688601374626,
        0.04549674615263939,
        0.05793604999780655,
        0.11219886392354965,
        0.10947313904762268,
        0.1322827458381653,
        0.12850731164216994,
        0.14889946579933167
    ],
    "NLI": [
        0.002070039534009993,
        0.001950388855766505,
        0.0015403216937556862,
        0.0013779540895484388,
        0.0013865196611732244,
        0.0013121560856234281,
        0.0014394370082300156,
        0.0021368211251683532,
        0.00488818408921361,
        0.10857670605182648,
        0.7751073837280273,
        0.0982140764594078
    ],
    "AVG_ALL": [
        0.03882533605501521,
        0.035354386047401924,
        0.03212398675095756,
        0.03953059107734589,
        0.054510535270674156,
        0.06425229619126185,
        0.09838784659732483,
        0.13165890730597313,
        0.10421278100693597,
        0.1735377235338092,
        0.16232784977182746,
        0.06527775712311268
    ],
    "AVG_SENTEVAL": [
        0.0440760927008731,
        0.040126385646206984,
        0.036493081759129256,
        0.04498096778988838,
        0.06209968035774572,
        0.07324374477778163,
        0.11223761939576694,
        0.15016206247465952,
        0.11840200913803915,
        0.18281786888837814,
        0.07478791634951319,
        0.060572568646499084
    ]
}