{
    "MR": [
        0.030343107134103774,
        0.028105487674474718,
        0.026343793794512748,
        0.024712226912379266,
        0.022535229846835137,
        0.026006656512618066,
        0.0584598682820797,
        0.11993764042854309,
        0.16289511620998381,
        0.3087881565093994,
        0.1451462358236313,
        0.04672647640109062
    ],
    "CR": [
        0.0484394870698452,
        0.04765760228037834,
        0.046207544207572934,
        0.04611945152282715,
        0.04866439625620842,
        0.06142726466059685,
        0.11572068631649017,
        0.14123276472091675,
        0.1435735046863556,
        0.15500962138175964,
        0.09010026305913925,
        0.05584741681814194
    ],
    "SUBJ": [
        0.034369257465004924,
        0.032813825830817225,
        0.02947072423994541,
        0.03003159984946251,
        0.05278172641992569,
        0.08820939362049103,
        0.13183322548866272,
        0.16394699215888978,
        0.15072643458843232,
        0.1862403631210327,
        0.042531974613666534,
        0.0570444829761982
    ],
    "MPQA": [
        0.06063668131828308,
        0.053911056369543076,
        0.05240602418780327,
        0.08741443753242492,
        0.10465972572565078,
        0.10755646228790283,
        0.14264070987701416,
        0.14576101899147034,
        0.06254347115755081,
        0.08459636121988297,
        0.049059202522039415,
        0.0488148532807827
    ],
    "SST2": [
        0.037812145054340364,
        0.029038136824965477,
        0.024856342747807503,
        0.02586824633181095,
        0.021978889778256416,
        0.031852710992097855,
        0.09424007683992386,
        0.16802813112735748,
        0.12882613092660905,
        0.3566314995288849,
        0.05784305781126022,
        0.023024655878543854
    ],
    "TREC": [
        0.04422345459461212,
        0.043011517822742464,
        0.041040648519992826,
        0.05526917055249214,
        0.12976037859916686,
        0.1537734806537628,
        0.16566880345344542,
        0.17369457185268403,
        0.05091663151979446,
        0.044325435906648634,
        0.04273417666554451,
        0.055581731349229814
    ],
    "MRPC": [
        0.05282212346792221,
        0.051815488189458844,
        0.047803109884262084,
        0.048833686858415604,
        0.049115223437547685,
        0.044362562149763106,
        0.06185685843229294,
        0.10975017547607421,
        0.10695797950029373,
        0.12708162665367126,
        0.16059057116508485,
        0.13901059627532958
    ],
    "NLI": [
        0.0026242241961881517,
        0.002361470402684063,
        0.001933544094208628,
        0.001772610901389271,
        0.0018436983926221728,
        0.0017934875679202378,
        0.0020588769228197636,
        0.0027916498947888613,
        0.006115301884710789,
        0.08363595306873321,
        0.7194386720657349,
        0.173630490899086
    ],
    "AVG_ALL": [
        0.038908810037537475,
        0.03608932317438303,
        0.03375771645951318,
        0.040002678807650224,
        0.053917408557026654,
        0.06437275230564408,
        0.09655988820159109,
        0.12814286808134057,
        0.10156932130921632,
        0.1682886271737516,
        0.16343051921576263,
        0.07496008798480033
    ],
    "AVG_SENTEVAL": [
        0.044092322300587385,
        0.040907587856054306,
        0.03830402679741383,
        0.04546411707997322,
        0.06135651000908444,
        0.07331264726817607,
        0.11006003266998698,
        0.14605018496513367,
        0.1152056097984314,
        0.18038186633161138,
        0.08400078309433802,
        0.06086431613990239
    ]
}