{
    "MR": [
        0.15243759900331497,
        0.028256974183022976,
        0.06234498843550682,
        0.06951847597956658,
        0.054657378047704694,
        0.1556312173604965,
        0.2769921064376831,
        0.3409560561180115,
        0.4113836050033569,
        0.4826991677284241,
        0.46792965531349184,
        0.18537792861461638
    ],
    "CR": [
        0.17784128785133363,
        0.15146433115005492,
        0.1447985827922821,
        0.19946541488170624,
        0.21537957787513734,
        0.24587669372558593,
        0.2961791157722473,
        0.3321277678012848,
        0.3433320879936218,
        0.3641514182090759,
        0.34492878913879393,
        0.17419082820415496
    ],
    "SUBJ": [
        0.1974686473608017,
        0.1827372819185257,
        0.19340240061283112,
        0.2305042713880539,
        0.25378521382808683,
        0.27080644965171813,
        0.292183929681778,
        0.30868703722953794,
        0.31966538429260255,
        0.3359385311603546,
        0.32357518672943114,
        0.23829045593738557
    ],
    "MPQA": [
        0.2778371095657349,
        0.2426411271095276,
        0.22876771688461303,
        0.25347132980823517,
        0.2574145317077637,
        0.2677248477935791,
        0.28816381096839905,
        0.28794121742248535,
        0.2932914733886719,
        0.28093312978744506,
        0.2691518753767014,
        0.09039016962051391
    ],
    "SST2": [
        0.22478082478046418,
        0.06517540737986564,
        0.010717151412973181,
        0.13937727659940718,
        0.0069956246414221825,
        0.09762272238731384,
        0.2426408737897873,
        0.3305139660835266,
        0.4581926167011261,
        0.5813963651657105,
        0.4439470887184143,
        0.001210426614852622
    ],
    "TREC": [
        0.34340070486068724,
        0.3251450300216675,
        0.31453990936279297,
        0.3192650079727173,
        0.321776294708252,
        0.32780762314796447,
        0.33358173370361327,
        0.3369949162006378,
        0.33650556206703186,
        0.32635675072669984,
        0.31365224719047546,
        0.22509059607982634
    ],
    "MRPC": [
        0.17631394267082215,
        0.15456619560718537,
        0.14517578184604646,
        0.1863934129476547,
        0.197874116897583,
        0.22212351560592652,
        0.2333560347557068,
        0.26361810863018037,
        0.280501002073288,
        0.2957162022590637,
        0.31085485219955444,
        0.2853643298149109
    ],
    "NLI": [
        0.02838485352694988,
        0.04233569167554378,
        -0.08598973900079727,
        -0.09107406288385392,
        0.06172497384250164,
        -0.16630819141864778,
        -0.23095715045928955,
        0.01282465886324644,
        0.4506463766098022,
        0.7429745435714722,
        0.9110658168792725,
        0.502658998966217
    ],
    "AVG_ALL": [
        0.1973081212025136,
        0.14904025488067418,
        0.12671959904328103,
        0.1633651408366859,
        0.1712009639435564,
        0.1776606097817421,
        0.2165175568312407,
        0.2767079660436138,
        0.36168976351618765,
        0.4262707635760308,
        0.4231381889432668,
        0.2128217167315597
    ],
    "AVG_SENTEVAL": [
        0.22144001658473697,
        0.16428376390997854,
        0.15710664733529223,
        0.19971359851104875,
        0.18684039110084996,
        0.22679900995322638,
        0.28044251501560213,
        0.3144055813550949,
        0.34898167593138557,
        0.3810273664338249,
        0.353434242095266,
        0.17141639069803724
    ]
}