{
    "MR": [
        0.45490776747465134,
        0.10743829309940338,
        0.12189571410417557,
        0.11469311565160752,
        0.4268645837903023,
        0.43311051428318026,
        0.5214765176177025,
        0.2274094194173813,
        0.3604825586080551,
        0.40998407602310183,
        0.5837414979934692,
        0.7759286597371101
    ],
    "CR": [
        0.07341480553150177,
        0.0715013563632965,
        0.07207047194242477,
        0.07311830222606659,
        0.07328531891107559,
        0.07344252318143844,
        0.07370297759771346,
        0.07384600639343261,
        0.07309103012084961,
        0.07298713624477386,
        0.07148069590330124,
        0.07218634188175202
    ],
    "SUBJ": [
        0.5512249112129212,
        0.20850715935230255,
        0.32324203848838806,
        0.29442472755908966,
        0.6899178981781006,
        0.6615987539291381,
        0.5520651578903198,
        0.4317648410797119,
        0.5242754459381104,
        0.524694311618805,
        0.682554054260254,
        0.7896718382835388
    ],
    "MPQA": [
        0.21117363274097442,
        0.10363260880112649,
        0.08932502344250678,
        0.07993302568793297,
        0.13455730825662612,
        0.11284668371081352,
        0.10854953080415726,
        0.10526020377874375,
        0.0992588758468628,
        0.10028029680252075,
        0.1726983405649662,
        0.24114977121353148
    ],
    "SST2": [
        0.7723267674446106,
        -0.12560416609048844,
        0.15872720181941985,
        0.06984046585857868,
        0.45015776753425596,
        0.35964927077293396,
        1.0436216831207275,
        -0.07247186154127121,
        0.42895554304122924,
        0.2440354958176613,
        1.6789709091186524,
        2.004062819480896
    ],
    "TREC": [
        0.30541271418333055,
        0.14867609292268752,
        0.10496415793895722,
        0.09746651500463485,
        0.23820296972990035,
        0.18220393508672714,
        0.1311624363064766,
        0.13224418014287947,
        0.1221015840768814,
        0.13183245807886124,
        0.1494147464632988,
        0.38121214509010315
    ],
    "MRPC": [
        0.073308265209198,
        0.06969552040100098,
        0.07083783820271491,
        0.07263996750116349,
        0.07329837679862976,
        0.07323722392320633,
        0.07393171042203903,
        0.07454891800880432,
        0.07435682713985443,
        0.07371935546398163,
        0.07006013244390488,
        0.07180647403001786
    ],
    "NLI": [
        -0.062279101461172104,
        -0.26846633553504945,
        -0.34697008728981016,
        -0.3842475593090057,
        0.6863793730735779,
        0.5869799733161927,
        0.6623440444469452,
        -0.21890576295554637,
        0.6425748348236084,
        0.26133963763713836,
        -0.20281320288777352,
        2.345473289489746
    ],
    "AVG_ALL": [
        0.297436220292002,
        0.03942256616428496,
        0.07426154483109713,
        0.05223357002250851,
        0.34658294953405855,
        0.31038360977545376,
        0.39585675727576014,
        0.09421199304051697,
        0.2906370874494314,
        0.22735909596085552,
        0.40076339673250916,
        0.8351864174008369
    ],
    "AVG_SENTEVAL": [
        0.3488241233995983,
        0.0834066949784756,
        0.13443749227694105,
        0.11458801706986768,
        0.29804060331412724,
        0.2708698435553482,
        0.3577871448227337,
        0.1389431010399546,
        0.24036026639597757,
        0.2225047328642437,
        0.4869886252496924,
        0.6194311499595642
    ]
}