{
    "MR": [
        0.1365599289536476,
        0.12560895383358,
        0.08102605044841767,
        0.04167323522269726,
        0.023585658404044807,
        -0.009629015251994133,
        0.04819786548614502,
        0.09978177845478058,
        0.246461683511734,
        0.27974922955036163,
        0.33102556467056277,
        0.30497116446495054
    ],
    "CR": [
        0.14459705650806426,
        0.14781129360198975,
        0.1418413370847702,
        0.1277506560087204,
        0.12234498411417008,
        0.12337097972631454,
        0.13982677459716797,
        0.16457977890968323,
        0.2349292278289795,
        0.24582235813140868,
        0.2486509621143341,
        0.24320726096630096
    ],
    "SUBJ": [
        0.15512149035930634,
        0.15511652827262878,
        0.14504157304763793,
        0.13948545455932618,
        0.14828723073005676,
        0.15967944860458375,
        0.1741766482591629,
        0.17660187184810638,
        0.1931201070547104,
        0.20129217803478242,
        0.21393226683139802,
        0.21497825980186464
    ],
    "MPQA": [
        0.25882860124111173,
        0.23121855556964874,
        0.18274106979370117,
        0.14789438247680664,
        0.134836283326149,
        0.13432748317718507,
        0.14049682915210723,
        0.15597160160541534,
        0.1864638090133667,
        0.18729983270168304,
        0.19722816944122315,
        0.18520727455615998
    ],
    "SST2": [
        0.33521608710289,
        0.19355106949806214,
        0.08084453660994768,
        0.02785488897934556,
        -0.06619226485490799,
        -0.03244582787156105,
        0.03243885403499007,
        -0.025644907355308534,
        0.3057126045227051,
        0.19599025547504426,
        0.23637062907218934,
        0.16178184747695923
    ],
    "TREC": [
        0.25737893879413604,
        0.25980815589427947,
        0.2468090146780014,
        0.2356885552406311,
        0.23947996497154236,
        0.25325978696346285,
        0.27576867341995237,
        0.2805253088474274,
        0.293926739692688,
        0.29089885354042055,
        0.2940298616886139,
        0.28445122838020326
    ],
    "MRPC": [
        0.07954063266515732,
        0.08913197815418243,
        0.09187057018280029,
        0.10854001194238663,
        0.12266564518213272,
        0.13567216396331788,
        0.13839540481567383,
        0.13542152047157288,
        0.13456510454416276,
        0.13403332829475403,
        0.135796257853508,
        0.1283710166811943
    ],
    "NLI": [
        -0.07547929808497429,
        -0.014912859909236431,
        0.026189756579697132,
        -0.07038711532950401,
        -0.12755782306194305,
        0.048744050413370134,
        0.22852316200733186,
        0.2072847902774811,
        0.33459810018539426,
        0.23267489671707153,
        0.2091981589794159,
        0.05978570431470871
    ],
    "AVG_ALL": [
        0.16147042969241737,
        0.14841670936439183,
        0.1245454885531217,
        0.09481250863755121,
        0.07468120985140558,
        0.1016223837155849,
        0.1472280264715664,
        0.1493152178823948,
        0.2412221720442176,
        0.22097011655569077,
        0.23327898383140563,
        0.1978442195802927
    ],
    "AVG_SENTEVAL": [
        0.19532039080347333,
        0.17174950497491018,
        0.13859630740646806,
        0.1184124549185591,
        0.10357250026759825,
        0.109176431330187,
        0.13561443568074277,
        0.14103385039738245,
        0.22788275373833522,
        0.21929800510406494,
        0.23671910166740417,
        0.21756686461823324
    ]
}