{
    "MR": [
        0.08405885597070058,
        0.0819012001156807,
        0.08324629813432693,
        0.08169838041067123,
        0.08209725966056187,
        0.0819417933622996,
        0.08241843432188034,
        0.08233800530433655,
        0.08191969245672226,
        0.08242934693892796,
        0.08893240988254547,
        0.08701829612255096
    ],
    "CR": [
        0.08331658194462459,
        0.08334180215994517,
        0.08333535492420197,
        0.08329681058724721,
        0.08330513040224712,
        0.08331313480933507,
        0.08331320186456044,
        0.08330478767553966,
        0.08332351843516032,
        0.08329906066258748,
        0.08340930690368016,
        0.0834412823120753
    ],
    "SUBJ": [
        0.07404839247465134,
        0.07404900342226028,
        0.07777950664361317,
        0.07423728704452515,
        0.07398138443628947,
        0.07399033010005951,
        0.07485875238974889,
        0.07463894287745158,
        0.0745624452829361,
        0.0757274255156517,
        0.12824946145216623,
        0.12387707829475403
    ],
    "MPQA": [
        0.0847197100520134,
        0.08009146898984909,
        0.08706257243951161,
        0.07939184208710988,
        0.07942608743906021,
        0.07945713897546132,
        0.07940027117729187,
        0.07957064360380173,
        0.07977800071239471,
        0.07996385296185811,
        0.09745657940705617,
        0.09368177503347397
    ],
    "SST2": [
        0.07786519080400467,
        0.0518865076204141,
        0.0677194024125735,
        0.049215250958999,
        0.05025769273440043,
        0.049399630477031074,
        0.054019711911678314,
        0.05088649938503901,
        0.05114247898260752,
        0.05055024723211924,
        0.2683540681997935,
        0.17870335777600607
    ],
    "TREC": [
        0.08292253563801448,
        0.08294285088777542,
        0.08329478899637859,
        0.08288803944985072,
        0.08288007477919261,
        0.08287461350361507,
        0.0828498899936676,
        0.08282658954461415,
        0.0829240878423055,
        0.08281852553288142,
        0.08547975619633992,
        0.08529821783304214
    ],
    "MRPC": [
        0.08329952011505763,
        0.08333733429511388,
        0.08332422624031703,
        0.08329303065935771,
        0.08329969147841136,
        0.08330827454725902,
        0.08330914129813512,
        0.08330187946557999,
        0.08332542826731999,
        0.08329786360263824,
        0.08344127734502156,
        0.08346232771873474
    ],
    "NLI": [
        0.08468849708636601,
        0.0783943881591161,
        0.08167792608340581,
        0.07634203135967255,
        0.07709892342487971,
        0.0763045425216357,
        0.0779581218957901,
        0.07674842576185863,
        0.0771761213739713,
        0.07800362507502238,
        0.11186868697404861,
        0.10373869786659877
    ],
    "AVG_ALL": [
        0.0818649105106791,
        0.07699306945626935,
        0.08093000948429108,
        0.07629533406967917,
        0.07654328054438035,
        0.07632368228708704,
        0.07726594060659409,
        0.07670197170227766,
        0.07676897166917722,
        0.07701124344021082,
        0.11839894329508147,
        0.10490262911965449
    ],
    "AVG_SENTEVAL": [
        0.08146154099986667,
        0.07679288107014838,
        0.08082316425584611,
        0.07628866302825155,
        0.0764639029900233,
        0.07632641653929438,
        0.07716705756528038,
        0.07669533540805182,
        0.0767108074256352,
        0.07686947463523774,
        0.11933183705522901,
        0.10506890501294817
    ]
}