{
    "MR": [
        0.10698039680719376,
        0.07084927260875702,
        0.10006077885627747,
        0.13863627165555953,
        0.1903395652770996,
        0.2728558242321014,
        0.32060030698776243,
        0.3330183744430542,
        0.31552371978759763,
        0.30300896167755126,
        0.2841307997703552,
        0.27579219937324523
    ],
    "CR": [
        0.17070078551769258,
        0.16356969475746155,
        0.18296968638896943,
        0.20567173063755034,
        0.2377106159925461,
        0.27138825953006745,
        0.28214322328567504,
        0.27744196355342865,
        0.2737722933292389,
        0.26775029897689817,
        0.26247166097164154,
        0.25779207050800323
    ],
    "SUBJ": [
        0.18211518824100495,
        0.16630125641822815,
        0.20043238401412963,
        0.22556135952472686,
        0.25611101388931273,
        0.28424453139305117,
        0.3242124140262604,
        0.3170902132987976,
        0.31797656416893005,
        0.3124222755432129,
        0.3195522427558899,
        0.34206812977790835
    ],
    "MPQA": [
        0.23765771389007567,
        0.21937797963619232,
        0.20931121110916137,
        0.2075784534215927,
        0.22739757895469664,
        0.2595902383327484,
        0.26775139272212983,
        0.2586924970149994,
        0.24080150723457336,
        0.23908909261226655,
        0.22670339941978454,
        0.20506048798561097
    ],
    "SST2": [
        0.23395071625709535,
        -0.0010944725945591927,
        0.07304141595959664,
        0.025293516041710973,
        0.08070530742406845,
        0.38119928240776063,
        0.5166699230670929,
        0.3272210657596588,
        0.29300119280815123,
        0.20738621950149536,
        0.08682149797677993,
        0.1783350169658661
    ],
    "TREC": [
        0.31631364226341246,
        0.3042291283607483,
        0.30813326239585875,
        0.3132795453071594,
        0.3184938430786133,
        0.32101861834526063,
        0.32168644666671753,
        0.32397021651268004,
        0.32447769641876223,
        0.32330807447433474,
        0.3152103841304779,
        0.30952324271202086
    ],
    "MRPC": [
        0.0990803822875023,
        0.12466883510351182,
        0.12399419397115707,
        0.1505153328180313,
        0.1621108055114746,
        0.1845530778169632,
        0.19401935636997222,
        0.19105873107910157,
        0.19298086166381836,
        0.2025556296110153,
        0.20281886160373688,
        0.21265828013420104
    ],
    "NLI": [
        -0.08580379709601402,
        -0.06322034671902657,
        -0.14039797484874725,
        -0.2180048193782568,
        0.05867840871214867,
        0.38340752124786376,
        0.48416048288345337,
        0.6530436277389526,
        0.46314005851745604,
        0.3011359810829163,
        -0.030959734693169594,
        0.26139005124568937
    ],
    "AVG_ALL": [
        0.1576243785209954,
        0.12308516844641419,
        0.13219311973080042,
        0.1310664237535093,
        0.191443392354995,
        0.2947821691632271,
        0.3389054432511329,
        0.3351920861750841,
        0.302709236741066,
        0.2695820666849613,
        0.20834363899193703,
        0.25532743483781817
    ],
    "AVG_SENTEVAL": [
        0.19239983218056816,
        0.14970024204147717,
        0.1711347046707358,
        0.18093374420090447,
        0.21040981858968735,
        0.2821214045797076,
        0.31815472330365857,
        0.28978472309453146,
        0.27979054791586744,
        0.26507436462811057,
        0.24252983523266655,
        0.25446134677955085
    ]
}