{
    "MR": [
        0.16178488433361055,
        0.028762027621269226,
        0.0648812934756279,
        0.05687589049339294,
        0.026820412650704385,
        0.13768136948347093,
        0.27681353092193606,
        0.3447955250740051,
        0.4281622111797333,
        0.5095752120018006,
        0.48807494044303895,
        0.18582817018032075
    ],
    "CR": [
        0.17823651432991028,
        0.15554966330528258,
        0.14905172288417817,
        0.20221127271652223,
        0.21845314800739288,
        0.2447440057992935,
        0.2948033273220062,
        0.3305932104587555,
        0.34213594198226926,
        0.36230418682098386,
        0.33758398294448855,
        0.18530467450618743
    ],
    "SUBJ": [
        0.19900915622711182,
        0.18958962857723236,
        0.19757299423217772,
        0.23281417787075043,
        0.2551252067089081,
        0.27376004457473757,
        0.2959849238395691,
        0.3123592734336853,
        0.3242191970348358,
        0.3381019949913025,
        0.3300055503845215,
        0.24941332936286925
    ],
    "MPQA": [
        0.2522702753543854,
        0.23160113990306855,
        0.21196914613246917,
        0.23757228553295134,
        0.24122003018856047,
        0.24805937707424164,
        0.26346288323402406,
        0.26327665746212003,
        0.2664675384759903,
        0.2572880119085312,
        0.2331470340490341,
        0.0809199184179306
    ],
    "SST2": [
        0.21179782152175902,
        0.0849642090499401,
        0.04365969840437174,
        0.13023629039525986,
        0.03138421718031168,
        0.12316203191876411,
        0.2600541770458221,
        0.34356345534324645,
        0.4409573972225189,
        0.5366241753101348,
        0.4345594584941864,
        0.02716634958051145
    ],
    "TREC": [
        0.3384642660617828,
        0.3235994756221771,
        0.31187303066253663,
        0.31657907366752625,
        0.31845836639404296,
        0.32453771829605105,
        0.3300027191638947,
        0.3327995777130127,
        0.3334015727043152,
        0.3232172727584839,
        0.3075552374124527,
        0.21146783828735352
    ],
    "MRPC": [
        0.1635196954011917,
        0.1584346741437912,
        0.177362859249115,
        0.19437799453735352,
        0.208316308259964,
        0.21917617022991182,
        0.23220462799072267,
        0.2591099888086319,
        0.27128340899944303,
        0.28064478635787965,
        0.31359841823577883,
        0.25714643597602843
    ],
    "NLI": [
        0.030633110925555228,
        0.013680382445454598,
        -0.06557171270251275,
        -0.1211272656917572,
        0.10912330746650696,
        -0.17157275676727296,
        -0.22147453725337982,
        -0.08936029560863971,
        0.40794297456741335,
        0.6859938502311707,
        0.9476668834686279,
        0.5789587736129761
    ],
    "AVG_ALL": [
        0.19196446551941337,
        0.14827265008352694,
        0.13634987904224544,
        0.15619246494024994,
        0.17611262460704893,
        0.1749434950761497,
        0.21648145653307435,
        0.26214217408560214,
        0.3518212802708149,
        0.41171868629753594,
        0.42402393817901607,
        0.22202568624052216
    ],
    "AVG_SENTEVAL": [
        0.21501180188996452,
        0.16750011688896585,
        0.16519582072006805,
        0.19580956931625096,
        0.1856825270556978,
        0.2244458167680672,
        0.2790465985025678,
        0.312356812613351,
        0.34380389537130085,
        0.3725365200213024,
        0.34921780313764295,
        0.17103524518731447
    ]
}