{
    "MR": [
        0.028321001678705215,
        0.026362447068095207,
        0.024815276265144348,
        0.02419445663690567,
        0.02270706743001938,
        0.029640309512615204,
        0.06116398051381111,
        0.12417231500148773,
        0.16643518209457397,
        0.3224945366382599,
        0.12166782468557358,
        0.04802561178803444
    ],
    "CR": [
        0.04828484356403351,
        0.04748063534498215,
        0.04558170959353447,
        0.04563857242465019,
        0.05362119898200035,
        0.07048194110393524,
        0.119923435151577,
        0.14111998677253723,
        0.14242598414421082,
        0.1496545970439911,
        0.07705160975456238,
        0.05873547121882439
    ],
    "SUBJ": [
        0.029264256358146667,
        0.028078079223632812,
        0.02457440085709095,
        0.029672782868146896,
        0.04982514679431915,
        0.0793304517865181,
        0.12629903852939606,
        0.18292218446731567,
        0.15039674937725067,
        0.21057148277759552,
        0.03641388192772865,
        0.052651483565568924
    ],
    "MPQA": [
        0.07291820645332336,
        0.06103963032364845,
        0.05059781298041344,
        0.09127698838710785,
        0.10410267859697342,
        0.1027134507894516,
        0.15008683502674103,
        0.15280918776988983,
        0.055306948721408844,
        0.07556161284446716,
        0.040008001029491425,
        0.043578654527664185
    ],
    "SST2": [
        0.04453485459089279,
        0.02973429672420025,
        0.02390763908624649,
        0.028828637674450874,
        0.026773842051625252,
        0.03598445653915405,
        0.10311424732208252,
        0.16118106245994568,
        0.10169562697410583,
        0.3921588063240051,
        0.03409816324710846,
        0.017988312989473343
    ],
    "TREC": [
        0.023535586893558502,
        0.022000622004270554,
        0.019497809931635857,
        0.028149878606200218,
        0.10273262113332748,
        0.16895785927772522,
        0.23939718306064606,
        0.3031499981880188,
        0.022213149815797806,
        0.020156797021627426,
        0.018807202577590942,
        0.031401291489601135
    ],
    "MRPC": [
        0.053769588470458984,
        0.053854458034038544,
        0.044771019369363785,
        0.04907342046499252,
        0.050225622951984406,
        0.04199749603867531,
        0.05151864513754845,
        0.1128818616271019,
        0.1096651554107666,
        0.14218918979167938,
        0.1371549665927887,
        0.15289855003356934
    ],
    "AVG_ALL": [
        0.04294690542987415,
        0.038364309817552567,
        0.03339223829763276,
        0.04240496243749346,
        0.05856973970574992,
        0.07558656643543925,
        0.12164333782025746,
        0.16831951375518525,
        0.10687697093401637,
        0.18754100320594652,
        0.06645737854497773,
        0.05789705365896225
    ],
    "SUM_ALL": [
        0.30062833800911903,
        0.26855016872286797,
        0.23374566808342934,
        0.2968347370624542,
        0.40998817794024944,
        0.5291059650480747,
        0.8515033647418022,
        1.1782365962862968,
        0.7481387965381145,
        1.3127870224416256,
        0.46520164981484413,
        0.40527937561273575
    ]
}