{
    "MR": [
        0.05232962965965271,
        0.04979565367102623,
        0.04976640269160271,
        0.04912734031677246,
        0.04629097506403923,
        0.04914766922593117,
        0.06441106647253036,
        0.08635007590055466,
        0.14648942649364471,
        0.15214437246322632,
        0.14216665923595428,
        0.11198074370622635
    ],
    "CR": [
        0.0537291020154953,
        0.05377424508333206,
        0.0530070960521698,
        0.0521746501326561,
        0.05043995380401611,
        0.05093655362725258,
        0.06183019280433655,
        0.08669479191303253,
        0.1438395231962204,
        0.14484034478664398,
        0.1396685093641281,
        0.10906501114368439
    ],
    "SUBJ": [
        0.051614612340927124,
        0.051502157002687454,
        0.05244997516274452,
        0.05187203362584114,
        0.04765425994992256,
        0.052777815610170364,
        0.06789698451757431,
        0.08909719437360764,
        0.129476860165596,
        0.14526809751987457,
        0.14971700310707092,
        0.11067299544811249
    ],
    "MPQA": [
        0.24614812433719635,
        0.13135166466236115,
        0.06451652944087982,
        0.04833103343844414,
        0.038678307086229324,
        0.04327930882573128,
        0.07620730996131897,
        0.07045628130435944,
        0.09108951687812805,
        0.08310337364673615,
        0.0667530745267868,
        0.04008544236421585
    ],
    "SST2": [
        0.062104836106300354,
        0.05660415440797806,
        0.05025012046098709,
        0.047738995403051376,
        0.04439050704240799,
        0.04839209467172623,
        0.06419295072555542,
        0.08045665174722672,
        0.16475777328014374,
        0.15716738998889923,
        0.14319390058517456,
        0.08075066655874252
    ],
    "TREC": [
        0.030017467215657234,
        0.029750904068350792,
        0.02944817952811718,
        0.028618933632969856,
        0.03040267527103424,
        0.06217334419488907,
        0.13707219064235687,
        0.1537335366010666,
        0.1854994297027588,
        0.16465431451797485,
        0.11998967826366425,
        0.028639378026127815
    ],
    "MRPC": [
        0.07049431651830673,
        0.06836497038602829,
        0.06837835162878036,
        0.07190368324518204,
        0.08285132050514221,
        0.10082102566957474,
        0.09725381433963776,
        0.09638673812150955,
        0.09595902264118195,
        0.09176137298345566,
        0.08548115938901901,
        0.0703442245721817
    ],
    "AVG_ALL": [
        0.08091972688479084,
        0.06302053561168057,
        0.05254523642361164,
        0.049966667113559585,
        0.04867257124611309,
        0.0582182588321822,
        0.0812663584947586,
        0.09473932428019387,
        0.13673022176538194,
        0.1341341808438301,
        0.1209957120673997,
        0.0787912088313273
    ],
    "SUM_ALL": [
        0.5664380881935358,
        0.44114374928176403,
        0.3678166549652815,
        0.3497666697949171,
        0.34070799872279167,
        0.4075278118252754,
        0.5688645094633102,
        0.6631752699613571,
        0.9571115523576736,
        0.9389392659068108,
        0.8469699844717979,
        0.5515384618192911
    ]
}