{
    "MR": [
        0.04056410863995552,
        0.039844073355197906,
        0.03948068991303444,
        0.04010538384318352,
        0.040722765028476715,
        0.04853401705622673,
        0.09496194869279861,
        0.14795532822608948,
        0.13526548445224762,
        0.15601232647895813,
        0.13533975183963776,
        0.08121412247419357
    ],
    "CR": [
        0.045487258583307266,
        0.04530052840709686,
        0.04464162886142731,
        0.04433835297822952,
        0.04509485512971878,
        0.12457925081253052,
        0.147764652967453,
        0.1450788378715515,
        0.12434519827365875,
        0.10843735933303833,
        0.08040999621152878,
        0.044522106647491455
    ],
    "SUBJ": [
        0.04197324439883232,
        0.04104786738753319,
        0.040728095918893814,
        0.03872944042086601,
        0.07640234380960464,
        0.12666498124599457,
        0.1327606439590454,
        0.12727351486682892,
        0.1177675649523735,
        0.11582795530557632,
        0.0962156280875206,
        0.04460872337222099
    ],
    "MPQA": [
        0.04433503746986389,
        0.046967796981334686,
        0.044958021491765976,
        0.06327688694000244,
        0.07917691022157669,
        0.18914085626602173,
        0.15591517090797424,
        0.10620839893817902,
        0.10050800442695618,
        0.08398234844207764,
        0.05025907978415489,
        0.03527144342660904
    ],
    "SST2": [
        0.03164743259549141,
        0.029655272141098976,
        0.028987975791096687,
        0.04449921473860741,
        0.053929392248392105,
        0.1429947018623352,
        0.14100679755210876,
        0.10041015595197678,
        0.11478020995855331,
        0.15261375904083252,
        0.09997278451919556,
        0.059502337127923965
    ],
    "TREC": [
        0.025962844491004944,
        0.025320138782262802,
        0.02403329312801361,
        0.022097740322351456,
        0.02165527082979679,
        0.04098616540431976,
        0.061016857624053955,
        0.0696641057729721,
        0.15947668254375458,
        0.2845892608165741,
        0.23907938599586487,
        0.026118243113160133
    ],
    "MRPC": [
        0.0526568628847599,
        0.05426211282610893,
        0.05911390110850334,
        0.0882122740149498,
        0.1394377052783966,
        0.14712637662887573,
        0.13084037601947784,
        0.0951455682516098,
        0.07146195322275162,
        0.05810416489839554,
        0.048510730266571045,
        0.05512797459959984
    ],
    "AVG_ALL": [
        0.040375255580459325,
        0.04034254141151905,
        0.04027765803039074,
        0.048751327608312876,
        0.06520274893513747,
        0.11714662132518631,
        0.1234666353889874,
        0.11310512998274394,
        0.11765787111861366,
        0.1370810249022075,
        0.1071124795292105,
        0.04948070725159986
    ],
    "SUM_ALL": [
        0.28262678906321526,
        0.28239778988063335,
        0.2819436062127352,
        0.34125929325819016,
        0.45641924254596233,
        0.8200263492763042,
        0.8642664477229118,
        0.7917359098792076,
        0.8236050978302956,
        0.9595671743154526,
        0.7497873567044735,
        0.346364950761199
    ]
}