{
    "MR": [
        0.04538455605506897,
        0.04036462027579546,
        0.034821731969714165,
        0.04544004673759142,
        0.064546851751705,
        0.08324427592257659,
        0.13172323070466518,
        0.17567738021413484,
        0.09695060240725677,
        0.1650487476338943,
        0.05725563752154509,
        0.059542293970783554
    ],
    "CR": [
        0.04205724907418092,
        0.036844922229647636,
        0.03136065974831581,
        0.041866027439634,
        0.059394496493041515,
        0.07643733732402325,
        0.12192998826503754,
        0.17285276825229326,
        0.10095213539898396,
        0.1938554042329391,
        0.06469167334338029,
        0.05775731739898523
    ],
    "SUBJ": [
        0.04522734694182873,
        0.04007868158320586,
        0.0348618778710564,
        0.04452699236571789,
        0.06002717185765505,
        0.07496258554359277,
        0.12086738770206769,
        0.16588573530316353,
        0.09962367452681065,
        0.183702589944005,
        0.07146462798118591,
        0.05877131534119447
    ],
    "MPQA": [
        0.037951688592632614,
        0.034585089733203254,
        0.030524642517169315,
        0.034259624779224396,
        0.05098091655721267,
        0.07106541904310386,
        0.1169027549525102,
        0.17090456808606783,
        0.11547197463611762,
        0.20620423493285975,
        0.07086560813089211,
        0.060283453514178596
    ],
    "SST2": [
        0.04268224723637104,
        0.039802645333111286,
        0.03497300483286381,
        0.04466768323133389,
        0.06386905598143737,
        0.08218691808482011,
        0.12473151956995328,
        0.1695092556377252,
        0.10774052826066811,
        0.1534380360196034,
        0.07185058109462261,
        0.0645485104372104
    ],
    "TREC": [
        0.04618212518592676,
        0.041091591119766235,
        0.035707976358632244,
        0.044780809742709,
        0.051209259467820324,
        0.06002468429505825,
        0.10201769694685936,
        0.145847766349713,
        0.1209876077870528,
        0.21543837090333304,
        0.0743990745395422,
        0.06231301402052244
    ],
    "MRPC": [
        0.04114312492311001,
        0.03578261844813824,
        0.03149577478567759,
        0.041293552766243614,
        0.059960425831377506,
        0.0811847448348999,
        0.13333078660070896,
        0.17755912244319916,
        0.10641227352122466,
        0.19509963877499104,
        0.054674447203675904,
        0.04206347092986107
    ]
}