{
    "MR": [
        0.04034378007054329,
        0.04042561942090591,
        0.04041048604995012,
        0.05019231823583444,
        0.06928274625291427,
        0.1285820553700129,
        0.12821741650501886,
        0.10729676360885303,
        0.11472326889634132,
        0.13392580797274908,
        0.10240793414413929,
        0.044191804714500904
    ],
    "CR": [
        0.039523255079984665,
        0.03951621024558941,
        0.03955032955855131,
        0.04948682337999344,
        0.06855406456937392,
        0.11590784974396229,
        0.11941696579257648,
        0.10777617866794269,
        0.1165433165927728,
        0.14185496916373572,
        0.11156289341549079,
        0.050307140685617924
    ],
    "SUBJ": [
        0.04010892411073049,
        0.04022498708218336,
        0.04020258504897356,
        0.050421642139554024,
        0.06333614978939295,
        0.11556022800505161,
        0.12191763396064441,
        0.11074373250206311,
        0.11763958881298701,
        0.1406232031683127,
        0.10892862143615882,
        0.05029270456482967
    ],
    "MPQA": [
        0.03971529193222523,
        0.039238332149883114,
        0.03949759745349487,
        0.04633040105303129,
        0.06287372205406427,
        0.10514758216838042,
        0.11805854613582294,
        0.1142545851568381,
        0.12051618223388989,
        0.14593080431222916,
        0.11658804615338643,
        0.051848917889098324
    ],
    "SST2": [
        0.04182989274462064,
        0.042123752956589065,
        0.04215927173693975,
        0.04946001308659712,
        0.0670816417162617,
        0.11283860790232818,
        0.12054327502846718,
        0.11522095898787181,
        0.11813748131195705,
        0.13449223587910333,
        0.10830242869754632,
        0.04781043560554584
    ],
    "TREC": [
        0.042777324095368385,
        0.042846275183061756,
        0.04298505218078693,
        0.053193592155973114,
        0.07246066195269425,
        0.12984003064533076,
        0.133874931683143,
        0.12034530068437259,
        0.11068806921442349,
        0.11249631891647975,
        0.08511799511810143,
        0.05337445127467314
    ],
    "MRPC": [
        0.03832832102974256,
        0.038022612842420735,
        0.03713828418403864,
        0.042174503207206726,
        0.05283025621126095,
        0.11214999544123809,
        0.122237678617239,
        0.1160983902712663,
        0.12535719076792398,
        0.15024383490284285,
        0.11687943773965041,
        0.04853949602693319
    ]
}