{
    "MR": [
        0.02683587186038494,
        0.02509627491235733,
        0.024177050217986107,
        0.022657474502921104,
        0.027945561334490776,
        0.09321530163288116,
        0.1694595068693161,
        0.19818392395973206,
        0.16162747144699097,
        0.140729621052742,
        0.08285024762153625,
        0.027221694588661194
    ],
    "CR": [
        0.04550299420952797,
        0.044392623007297516,
        0.04372547194361687,
        0.043344102799892426,
        0.060287266969680786,
        0.11734572798013687,
        0.13270948827266693,
        0.13238373398780823,
        0.12880054116249084,
        0.12059680372476578,
        0.0848742201924324,
        0.04603702202439308
    ],
    "SUBJ": [
        0.0279602762311697,
        0.025876061990857124,
        0.02588195540010929,
        0.02461596205830574,
        0.04127504676580429,
        0.07662273943424225,
        0.15043656527996063,
        0.1518774777650833,
        0.16871686279773712,
        0.13662290573120117,
        0.14247959852218628,
        0.027634549885988235
    ],
    "MPQA": [
        0.061909548938274384,
        0.05739148333668709,
        0.06867460906505585,
        0.06479882448911667,
        0.0991862341761589,
        0.11579502373933792,
        0.12285292148590088,
        0.12212635576725006,
        0.1060333177447319,
        0.0810287669301033,
        0.05211195722222328,
        0.04809097945690155
    ],
    "SST2": [
        0.044015757739543915,
        0.027468016371130943,
        0.02718883939087391,
        0.022877201437950134,
        0.03760964795947075,
        0.15120680630207062,
        0.2612462043762207,
        0.140446275472641,
        0.14296594262123108,
        0.09816403687000275,
        0.029997345060110092,
        0.016813956201076508
    ],
    "TREC": [
        0.027997557073831558,
        0.026871345937252045,
        0.02698248252272606,
        0.030008390545845032,
        0.09247773140668869,
        0.11528720706701279,
        0.13327085971832275,
        0.15312442183494568,
        0.16559845209121704,
        0.1430124044418335,
        0.05931695178151131,
        0.02605215460062027
    ],
    "MRPC": [
        0.06152891367673874,
        0.062349751591682434,
        0.05909932777285576,
        0.056619755923748016,
        0.06449830532073975,
        0.10022585093975067,
        0.10417945683002472,
        0.10655716806650162,
        0.11160729080438614,
        0.12918221950531006,
        0.08575785905122757,
        0.058394111692905426
    ],
    "AVG_ALL": [
        0.04225013138992446,
        0.03849222244960921,
        0.03938996233046055,
        0.037845958822539875,
        0.06046854199043342,
        0.10995695101363319,
        0.1534507146903447,
        0.143528479550566,
        0.14076426838125503,
        0.12133382260799408,
        0.07676973992160388,
        0.03574920977864947
    ],
    "SUM_ALL": [
        0.2957509197294712,
        0.2694455571472645,
        0.27572973631322384,
        0.2649217117577791,
        0.42327979393303394,
        0.7696986570954323,
        1.0741550028324127,
        1.004699356853962,
        0.9853498786687851,
        0.8493367582559586,
        0.5373881794512272,
        0.25024446845054626
    ]
}