{
    "MR": [
        0.08568474308898051,
        0.06522468260178964,
        0.05300837537894646,
        0.050106554913024105,
        0.049069503943125405,
        0.05973002376655737,
        0.08407557383179665,
        0.09613753234346707,
        0.13510368764400482,
        0.1311324822405974,
        0.11746722087264061,
        0.0732596196855108
    ],
    "CR": [
        0.08545149769634008,
        0.064561584033072,
        0.05246825981885195,
        0.04959866994371017,
        0.04837800748646259,
        0.05943187636633714,
        0.08450571944316228,
        0.09608007967472076,
        0.13554533819357553,
        0.13234982018669447,
        0.11788357918461163,
        0.07374557511260112
    ],
    "SUBJ": [
        0.08580391264210145,
        0.0649402653798461,
        0.052561113300422825,
        0.049649106028179325,
        0.04884228979547819,
        0.059124999369184174,
        0.083494587490956,
        0.09567967926462491,
        0.13793911536534628,
        0.13227852806448936,
        0.1162088302274545,
        0.07347757772852977
    ],
    "MPQA": [
        0.05338166064272324,
        0.051632014103233814,
        0.05055002092073361,
        0.05023927272607883,
        0.050338281939427056,
        0.060708083833257355,
        0.08210953325033188,
        0.09878649810949962,
        0.1443370059132576,
        0.1426393153766791,
        0.13003615165750185,
        0.08524216990917921
    ],
    "SST2": [
        0.08405554201453924,
        0.06408993247896433,
        0.05292775575071573,
        0.05033794573197762,
        0.04938624861339728,
        0.059855952858924866,
        0.08411192645629247,
        0.09711976970235507,
        0.13205896317958832,
        0.13029531265298525,
        0.1172960139811039,
        0.07846463254342477
    ],
    "TREC": [
        0.08940343682964642,
        0.06856547420223554,
        0.05639474590619405,
        0.053524622693657875,
        0.051717553908626236,
        0.05755907793839773,
        0.07196538647015889,
        0.08490695556004842,
        0.1286020204424858,
        0.12904749189813933,
        0.12116338436802228,
        0.08714984729886055
    ],
    "MRPC": [
        0.08265729527920485,
        0.06212979648262262,
        0.04990638388941685,
        0.04631049775828918,
        0.04297611303627491,
        0.05111779769261678,
        0.07860178252061208,
        0.09446475530664127,
        0.14352542161941528,
        0.14119631548722586,
        0.12691480418046316,
        0.0801990395411849
    ]
}