{
    "MR": [
        0.04481917464484771,
        0.04072488037248453,
        0.04192544768253962,
        0.04037737287580967,
        0.06588903876642387,
        0.11274722591042519,
        0.1507825826605161,
        0.13441923881570497,
        0.137287067870299,
        0.11810118953386943,
        0.07575632197161515,
        0.03717046231031418
    ],
    "CR": [
        0.041707987586657204,
        0.03750882235666116,
        0.0386673773949345,
        0.036929601492981114,
        0.06049875449389219,
        0.10872548818588257,
        0.15690758575995764,
        0.14538593714435896,
        0.1427582229177157,
        0.12145665908853213,
        0.07541899320979913,
        0.034034574404358864
    ],
    "SUBJ": [
        0.04463177391638359,
        0.040594915859401226,
        0.041641296818852425,
        0.040050958283245564,
        0.06366745786120494,
        0.11551265294353168,
        0.1539530729254087,
        0.14213697984814644,
        0.13610550264517465,
        0.11878564208745956,
        0.06581809682150681,
        0.037101653094093
    ],
    "MPQA": [
        0.038973561798532806,
        0.03534234563509623,
        0.03450918787469467,
        0.03335381454477707,
        0.054015593292812504,
        0.10898393889268239,
        0.1585503468910853,
        0.14709550018111864,
        0.14655276015400887,
        0.12805133188764253,
        0.08087937037150066,
        0.03369224816560745
    ],
    "SST2": [
        0.04195586033165455,
        0.04032959012935559,
        0.041423482820391655,
        0.0403407517199715,
        0.06427835766226053,
        0.10308197513222694,
        0.13548479974269867,
        0.14404218023022017,
        0.14039732267459235,
        0.12519545356432596,
        0.08456513906518619,
        0.03890508537491163
    ],
    "TREC": [
        0.044625560442606606,
        0.04042903520166874,
        0.04145787563174963,
        0.03915222020198902,
        0.05513367708772421,
        0.10906857500473659,
        0.15681402385234833,
        0.1419291558365027,
        0.136625237762928,
        0.11772072563568751,
        0.07967853794495265,
        0.037365385641654335
    ],
    "MRPC": [
        0.03903700100878874,
        0.03451596759259701,
        0.036105068090061344,
        0.034716992639005184,
        0.0597969147687157,
        0.11157880102594693,
        0.161662591000398,
        0.14969036479791006,
        0.14562376464406648,
        0.12002575645844142,
        0.0752717200666666,
        0.031975059459606804
    ]
}