{
    "NLI": [
        0.0016621081158518791,
        0.0013992094900459051,
        0.0008642415050417185,
        0.0008126546745188534,
        0.0008740207413211465,
        0.0008053952478803694,
        0.0010832869447767735,
        0.002144159749150276,
        0.00562524376437068,
        0.1083974838256836,
        0.8034961819648743,
        0.07283596694469452
    ],
    "AVG_ALL": [
        0.0016621081158518791,
        0.0013992094900459051,
        0.0008642415050417185,
        0.0008126546745188534,
        0.0008740207413211465,
        0.0008053952478803694,
        0.0010832869447767735,
        0.002144159749150276,
        0.00562524376437068,
        0.1083974838256836,
        0.8034961819648743,
        0.07283596694469452
    ]
}