{
    "MR": [
        0.20456706881523132,
        0.09267593026161194,
        0.31686157584190366,
        0.08400171250104904,
        0.08637062907218933,
        0.08397678583860398,
        0.1325862616300583,
        0.16846101135015487,
        -0.3161827094852924,
        0.21279280483722687,
        0.8647175908088685,
        0.7233802795410156
    ],
    "CR": [
        0.08496348708868026,
        0.08855078518390655,
        0.08752369731664658,
        0.08244513720273972,
        0.082913838326931,
        0.08343606442213058,
        0.08352865725755691,
        0.08292322754859924,
        0.08370083719491958,
        0.08258358240127564,
        0.08996472507715225,
        0.09218098968267441
    ],
    "SUBJ": [
        0.34981676936149597,
        0.07746034786105156,
        0.5593008756637573,
        0.0464769296348095,
        0.18979935348033905,
        0.08980577141046524,
        0.1288839027285576,
        0.07919621765613556,
        0.01102621564641595,
        0.21012438237667083,
        0.8953478932380676,
        0.8552250504493714
    ],
    "MPQA": [
        0.1724710613489151,
        0.12878558188676834,
        0.2736282706260681,
        0.05854679793119431,
        0.03430676199495793,
        0.0907447025179863,
        0.06847661286592484,
        0.060954419523477556,
        -0.030070557445287704,
        0.12556955963373184,
        0.862867283821106,
        0.7194994807243347
    ],
    "SST2": [
        0.1298097178339958,
        -0.4322204887866974,
        0.2910790205001831,
        -0.0745397862046957,
        0.37545077204704286,
        -0.12662973217666149,
        0.35045201182365415,
        0.20502198338508607,
        -0.8016936659812928,
        0.5769764959812165,
        0.9805781364440918,
        0.8909384965896606
    ],
    "TREC": [
        0.2126269072294235,
        0.16681846976280212,
        0.3736820727586746,
        0.10750830471515656,
        0.10567204505205155,
        0.09529114812612534,
        0.10241265296936035,
        0.09927171617746353,
        0.1623821422457695,
        0.1155463308095932,
        0.43318702578544616,
        0.37092575430870056
    ],
    "MRPC": [
        0.08630022406578064,
        0.08955087065696717,
        0.08650093078613282,
        0.08252512216567993,
        0.08333409279584884,
        0.08403052538633346,
        0.08409511148929597,
        0.08307901322841645,
        0.08445023149251937,
        0.08230218887329102,
        0.09042313992977143,
        0.09164821058511734
    ],
    "NLI": [
        0.11105478256940841,
        0.21339645683765412,
        0.2073497176170349,
        0.28727213144302366,
        0.24575624465942383,
        -0.1969965249300003,
        0.014878407679498195,
        0.02803017422556877,
        0.322536988556385,
        -0.05772545710206032,
        0.9818406820297241,
        0.9646671533584594
    ],
    "AVG_ALL": [
        0.1689512522891164,
        0.053127244208008045,
        0.2744907701388002,
        0.08427954367361962,
        0.15045046717859803,
        0.02545734257437289,
        0.12066420230548827,
        0.10086722038686276,
        -0.06048131472198291,
        0.1685212359763682,
        0.6498658096417784,
        0.5885581769049167
    ],
    "AVG_SENTEVAL": [
        0.17722217653478897,
        0.03023164240377289,
        0.2840823490704809,
        0.05528060256370476,
        0.13683535610990863,
        0.05723646650356906,
        0.1357764586806297,
        0.11127251269561904,
        -0.11519821519032118,
        0.2008421921304294,
        0.6024408278720719,
        0.5348283231258393
    ]
}