{
    "MR": [
        0.07712525377670924,
        0.07673526555299759,
        0.07635295639435451,
        0.07621153444051743,
        0.07614248991012573,
        0.07939917345841725,
        0.08839292079210281,
        0.09092284987370174,
        0.09203247477610906,
        0.09240083396434784,
        0.09207016974687576,
        0.082214059929053
    ],
    "CR": [
        0.0785025954246521,
        0.07832230379184087,
        0.07806435227394104,
        0.07815122107664745,
        0.07916795959075291,
        0.08339919646581014,
        0.08839439849058787,
        0.08920131127039592,
        0.08951350798209508,
        0.0896681472659111,
        0.08671281486749649,
        0.08090213934580485
    ],
    "SUBJ": [
        0.07449109107255936,
        0.07385691752036412,
        0.07268569866816203,
        0.07431397835413615,
        0.08278060952822368,
        0.0885179415345192,
        0.0913064107298851,
        0.09257011363903682,
        0.09381287048260371,
        0.09481095522642136,
        0.07986074934403102,
        0.08099263906478882
    ],
    "MPQA": [
        0.08103244254986446,
        0.0808561568458875,
        0.08030959963798523,
        0.08499061812957127,
        0.08597804854313533,
        0.0861837367216746,
        0.08681654930114746,
        0.08689676473538081,
        0.08250843236843745,
        0.08503067493438721,
        0.07946345706780751,
        0.07993350674708684
    ],
    "SST2": [
        0.06056633219122887,
        0.057094609985748924,
        0.05504554882645607,
        0.05569786081711451,
        0.05556094025572141,
        0.06725328663984935,
        0.09629816810290019,
        0.11484547207752864,
        0.12807359298070273,
        0.1348551387588183,
        0.1091171105702718,
        0.0655919040242831
    ],
    "TREC": [
        0.07818728933731715,
        0.07801357408364613,
        0.0778483251730601,
        0.08479687074820201,
        0.08886884649594624,
        0.0894183764855067,
        0.08962737272183101,
        0.08972642570734024,
        0.08483285456895828,
        0.0814617450038592,
        0.07769481589396794,
        0.07952349136273067
    ],
    "MRPC": [
        0.0816907212138176,
        0.08167565365632375,
        0.08144775032997131,
        0.08162802209456761,
        0.08167335391044617,
        0.08106343199809392,
        0.08284117033084233,
        0.08544200658798218,
        0.08524132023255031,
        0.08575761318206787,
        0.08544682214657466,
        0.08609211941560109
    ],
    "NLI": [
        0.05055231725176176,
        0.05083122104406357,
        0.048473661144574486,
        0.04762178038557371,
        0.04701245203614235,
        0.04699690888325373,
        0.04902720575531324,
        0.06556771447261174,
        0.1176876351237297,
        0.16139271358648935,
        0.1724016269048055,
        0.142434760928154
    ],
    "AVG_ALL": [
        0.07276850535223882,
        0.07217321281010905,
        0.0712784865560631,
        0.07292648575579128,
        0.07464808753381172,
        0.0777790065233906,
        0.08408802452807626,
        0.08939658229549727,
        0.09671283606439829,
        0.10317222774028777,
        0.09784594581772883,
        0.0872105776021878
    ],
    "AVG_SENTEVAL": [
        0.07594224650944982,
        0.07522206877668698,
        0.07453631875770432,
        0.07654144366582236,
        0.0785960354620502,
        0.08217644904341016,
        0.08909671292418526,
        0.0928007062701952,
        0.09371643619877952,
        0.0948550154765447,
        0.08719513423386073,
        0.0793214085556212
    ]
}