{"STSBenchmark_seed_42": {"train_loss": [0.2931531735441901, 0.2934930500659076, 0.29339531605893915, 0.2935294346375899], "dev_pearson": [0.049676984548568726, 0.048808567225933075, 0.04800102487206459, 0.04723002761602402], "weight_evolution": [[0.044900570064783096, 0.0447760671377182, 0.044700682163238525, 0.04470553994178772, 0.0446554571390152, 0.04465532302856445, 0.044655852019786835, 0.044657059013843536, 0.0446581207215786, 0.04587700217962265, 0.04648306220769882, 0.04466576501727104, 0.04466641694307327, 0.04466641694307327, 0.04466636851429939, 0.04665490984916687, 0.04665641859173775, 0.04665796831250191, 0.04666003957390785, 0.046661004424095154, 0.046659212559461594, 0.046660713851451874], [0.04424374923110008, 0.04407741501927376, 0.04396647587418556, 0.04397561773657799, 0.04389408230781555, 0.043893568217754364, 0.043894603848457336, 0.04389704391360283, 0.04389888420701027, 0.0458352193236351, 0.047529444098472595, 0.04391169175505638, 0.043912775814533234, 0.043912868946790695, 0.04391301050782204, 0.04788437858223915, 0.04788721352815628, 0.047889456152915955, 0.047894444316625595, 0.04789680242538452, 0.047892551869153976, 0.04789871349930763], [0.04356987029314041, 0.04336582496762276, 0.0432274155318737, 0.04323723912239075, 0.04314078763127327, 0.043141141533851624, 0.043143585324287415, 0.04314710944890976, 0.04314976930618286, 0.045768722891807556, 0.04861718788743019, 0.04317931830883026, 0.043181031942367554, 0.04318120703101158, 0.043180935084819794, 0.04909577965736389, 0.04910001531243324, 0.04910232126712799, 0.049113426357507706, 0.04911819472908974, 0.04911116883158684, 0.049127962440252304], [0.04288429021835327, 0.04264724627137184, 0.04248788207769394, 0.0424983873963356, 0.04239637032151222, 0.042396429926157, 0.04239947721362114, 0.04240291193127632, 0.042405761778354645, 0.04561575874686241, 0.049697551876306534, 0.0424509271979332, 0.042453378438949585, 0.04245377331972122, 0.04245300590991974, 0.05032305791974068, 0.050327859818935394, 0.05032549798488617, 0.05034232512116432, 0.05034643039107323, 0.0503295436501503, 0.050362128764390945]]}, "STSBenchmark_seed_0": {"train_loss": [0.29382371496070514, 0.29362076249989594, 0.293514836918224, 0.2932108518752185], "dev_pearson": [0.04966749995946884, 0.04879608750343323, 0.04799872636795044, 0.04721185937523842], "weight_evolution": [[0.04471229761838913, 0.04468036815524101, 0.04467005282640457, 0.044671863317489624, 0.04466739296913147, 0.044667039066553116, 0.044667355716228485, 0.044667113572359085, 0.04466664791107178, 0.04582697153091431, 0.04660957306623459, 0.04467280954122543, 0.04467315599322319, 0.04467310011386871, 0.0446726493537426, 0.046687137335538864, 0.04668711870908737, 0.04668611288070679, 0.046686191111803055, 0.04668543487787247, 0.046683866530656815, 0.04668578878045082], [0.04399671405553818, 0.04393744841217995, 0.043911732733249664, 0.043915603309869766, 0.04390428960323334, 0.04390399903059006, 0.0439051054418087, 0.04390525072813034, 0.04390483722090721, 0.045798324048519135, 0.04776495322585106, 0.04391445964574814, 0.04391517490148544, 0.043915119022130966, 0.043914489448070526, 0.04792819544672966, 0.047928761690855026, 0.0479268804192543, 0.047928500920534134, 0.0479273684322834, 0.04792336747050285, 0.04792943224310875], [0.04332752153277397, 0.04322658106684685, 0.04317433387041092, 0.04318072646856308, 0.04315277561545372, 0.04315280541777611, 0.043154556304216385, 0.04315591976046562, 0.04315582290291786, 0.045791272073984146, 0.04891913756728172, 0.04317648708820343, 0.04317808523774147, 0.04317822679877281, 0.043177515268325806, 0.049125537276268005, 0.04912732541561127, 0.04912370815873146, 0.04913070797920227, 0.04913114011287689, 0.04912162199616432, 0.049138233065605164], [0.04261393845081329, 0.04249076917767525, 0.04242571443319321, 0.04243262857198715, 0.042404014617204666, 0.04240377992391586, 0.04240523278713226, 0.04240572080016136, 0.04240523278713226, 0.04552493989467621, 0.04999414458870888, 0.04244682192802429, 0.04244871437549591, 0.042448773980140686, 0.04244740679860115, 0.050386518239974976, 0.05038788169622421, 0.05037818104028702, 0.050390176475048065, 0.05038962885737419, 0.05036859214305878, 0.050401248037815094]]}, "STSBenchmark_seed_1234": {"train_loss": [0.2931994145566767, 0.2930722019889138, 0.29361747069792316, 0.2930641377514059], "dev_pearson": [0.04966923967003822, 0.04881320521235466, 0.047995444387197495, 0.04720006138086319], "weight_evolution": [[0.04477406293153763, 0.04472628980875015, 0.044700633734464645, 0.044703420251607895, 0.044686608016490936, 0.04468647390604019, 0.044687189161777496, 0.0446881540119648, 0.044688958674669266, 0.045542944222688675, 0.04661593586206436, 0.044685281813144684, 0.04468545317649841, 0.04468538239598274, 0.04468534141778946, 0.0466763861477375, 0.046677134931087494, 0.04667864739894867, 0.04667991027235985, 0.046680860221385956, 0.04668152704834938, 0.046683356165885925], [0.04409557953476906, 0.04400291666388512, 0.04394938424229622, 0.04395686835050583, 0.04392337426543236, 0.04392322152853012, 0.04392479732632637, 0.04392668604850769, 0.04392826184630394, 0.045612070709466934, 0.04777197539806366, 0.043924376368522644, 0.04392501339316368, 0.043924931436777115, 0.04392491281032562, 0.047890543937683105, 0.047892749309539795, 0.04789498448371887, 0.04789867624640465, 0.047901321202516556, 0.04790020361542702, 0.047907114028930664], [0.04339456185698509, 0.04327123984694481, 0.04320415481925011, 0.04321352764964104, 0.04317763075232506, 0.043177179992198944, 0.04317893087863922, 0.04318052530288696, 0.04318149387836456, 0.04543939232826233, 0.04889502748847008, 0.04319392889738083, 0.04319485276937485, 0.0431947261095047, 0.04319465905427933, 0.0491228848695755, 0.049125559628009796, 0.04912414774298668, 0.049130987375974655, 0.04913349449634552, 0.04912698268890381, 0.049144063144922256], [0.04269150272011757, 0.04253365471959114, 0.042449090629816055, 0.042461078613996506, 0.042419999837875366, 0.042419448494911194, 0.04242127016186714, 0.04242207854986191, 0.042423322796821594, 0.045197177678346634, 0.049993667751550674, 0.04244216904044151, 0.0424431674182415, 0.042443133890628815, 0.0424426831305027, 0.050394196063280106, 0.05039659142494202, 0.050390858203172684, 0.0504009835422039, 0.05040312558412552, 0.05038965865969658, 0.050421178340911865]]}, "STSBenchmark_seed_2025": {"train_loss": [0.2935403964736245, 0.29363051463257184, 0.2937606749209491, 0.2937981161204251], "dev_pearson": [0.04969148710370064, 0.048849016427993774, 0.0480225533246994, 0.04725052788853645],