{
    "STSBenchmark": [
        0.04480778723955155,
        0.044748174399137496,
        0.04471000730991363,
        0.04471317678689957,
        0.04468194544315338,
        0.04468190968036652,
        0.044682586938142775,
        0.044684183597564694,
        0.04468516781926155,
        0.045631549507379535,
        0.04658721387386322,
        0.044684351235628125,
        0.044684894382953644,
        0.04468503668904304,
        0.04468519389629364,
        0.04665873572230339,
        0.04666030779480934,
        0.04666260182857514,
        0.046664709597826,
        0.046666276454925534,
        0.046666528284549716,
        0.04666765183210373
    ],
    "AVG_ALL": [
        0.04480778723955155,
        0.044748174399137496,
        0.04471000730991363,
        0.04471317678689957,
        0.04468194544315338,
        0.04468190968036652,
        0.044682586938142775,
        0.044684183597564694,
        0.04468516781926155,
        0.045631549507379535,
        0.04658721387386322,
        0.044684351235628125,
        0.044684894382953644,
        0.04468503668904304,
        0.04468519389629364,
        0.04665873572230339,
        0.04666030779480934,
        0.04666260182857514,
        0.046664709597826,
        0.046666276454925534,
        0.046666528284549716,
        0.04666765183210373
    ]
}