{
    "MR": [
        0.15714151561260223,
        0.03903638459742069,
        0.07058435007929802,
        0.06914503648877143,
        0.05437983497977257,
        0.1470800518989563,
        0.27587149739265443,
        0.34383397102355956,
        0.4278825163841248,
        0.5262001395225525,
        0.49930388331413267,
        0.17922404408454895
    ],
    "CR": [
        0.1747780054807663,
        0.15753867626190185,
        0.1472677171230316,
        0.20638278424739837,
        0.22395872473716735,
        0.2517432987689972,
        0.31085489988327025,
        0.3562540829181671,
        0.37202427983284,
        0.3989137589931488,
        0.3674795150756836,
        0.18104309141635894
    ],
    "SUBJ": [
        0.1992543578147888,
        0.19035831689834595,
        0.19907822012901305,
        0.22790637910366057,
        0.2476477861404419,
        0.2628554940223694,
        0.28344843089580535,
        0.2991758048534393,
        0.3087956249713898,
        0.32286214232444765,
        0.3142208755016327,
        0.2437073916196823
    ],
    "MPQA": [
        0.2932788372039795,
        0.24779939651489258,
        0.224145045876503,
        0.256853786110878,
        0.26140799522399905,
        0.2728846162557602,
        0.2991306871175766,
        0.29033035337924956,
        0.3041426777839661,
        0.28374301791191103,
        0.27098524272441865,
        0.07505030781030655
    ],
    "SST2": [
        0.23436019122600554,
        0.07887060940265656,
        0.043365930765867235,
        0.14006511867046356,
        0.010332375206053257,
        0.10464496165513992,
        0.24881446063518525,
        0.3301759958267212,
        0.45865577459335327,
        0.613898503780365,
        0.4521598398685455,
        0.013201571960235015
    ],
    "TREC": [
        0.37209042310714724,
        0.3516607701778412,
        0.33659453988075255,
        0.34138611555099485,
        0.3441296100616455,
        0.3518703043460846,
        0.35946072936058043,
        0.36354451775550845,
        0.3647289514541626,
        0.351582670211792,
        0.3331647038459778,
        0.21815122663974762
    ],
    "MRPC": [
        0.1630606770515442,
        0.15683529078960418,
        0.17711566686630248,
        0.19235593378543853,
        0.20708291828632355,
        0.22116183638572692,
        0.23100996911525726,
        0.25882168412208556,
        0.2722973197698593,
        0.2823570489883423,
        0.3123470425605774,
        0.2611875504255295
    ],
    "NLI": [
        0.026926477905362844,
        0.021784106642007826,
        -0.07127475440502166,
        -0.10833118855953217,
        0.05047662444412708,
        -0.1867058038711548,
        -0.2049801766872406,
        -0.03684244100004434,
        0.37972624897956847,
        0.6647958636283875,
        1.4062763690948485,
        0.5804535865783691
    ],
    "AVG_ALL": [
        0.20261131067527458,
        0.15548544391058386,
        0.1408595895394683,
        0.16572049567475913,
        0.17492698363494127,
        0.17819184493273493,
        0.22545131221413614,
        0.27566174610983574,
        0.361031674221158,
        0.43054414317011835,
        0.4944921839982271,
        0.21900234631684723
    ],
    "AVG_SENTEVAL": [
        0.2277091439281191,
        0.17458563494895185,
        0.1711644958172526,
        0.20487073627965788,
        0.19270560637648618,
        0.23032008047614777,
        0.28694152491433284,
        0.3203052014112472,
        0.35836102068424225,
        0.39707961167607986,
        0.36423730041299546,
        0.16736645485091553
    ]
}