{
    "MR": [
        0.08411489576101303,
        0.06352038532495499,
        0.0641698993742466,
        0.06418303176760673,
        0.07604027986526489,
        0.07405249252915383,
        0.10207110792398452,
        0.07056212797760963,
        0.0778384417295456,
        0.0842534527182579,
        0.09682552963495254,
        0.14236836433410643
    ],
    "CR": [
        0.08412011712789536,
        0.08274413496255875,
        0.08328029066324234,
        0.08376083821058274,
        0.08278628438711166,
        0.08275530934333801,
        0.08274673074483871,
        0.08304988890886307,
        0.08323181867599487,
        0.08364445567131043,
        0.08349284678697586,
        0.08438728749752045
    ],
    "SUBJ": [
        0.024217502772808076,
        0.023847032338380814,
        0.024006301537156105,
        0.02322068586945534,
        0.21783021986484527,
        0.057942434400320056,
        0.027601597458124162,
        0.0399701714515686,
        0.0243824016302824,
        0.03164218850433827,
        0.03493615947663784,
        0.47040327787399294
    ],
    "MPQA": [
        0.08602984994649887,
        0.0826233983039856,
        0.08342827558517456,
        0.08295086175203323,
        0.08232384026050568,
        0.0821187138557434,
        0.08201699703931808,
        0.08304255455732346,
        0.08297904133796692,
        0.083341583609581,
        0.08371373862028123,
        0.08543115705251694
    ],
    "SST2": [
        0.05997445583343506,
        0.001222815562505275,
        0.001637784717604518,
        0.0017962191486731172,
        0.002552636689506471,
        0.002169381873682141,
        0.0015835405909456312,
        0.0019911884912289677,
        0.00319768819026649,
        0.0017126596882008015,
        0.010502189304679633,
        0.9116594552993774
    ],
    "TREC": [
        0.12763772606849672,
        0.06616024076938629,
        0.06260069161653518,
        0.05993824154138565,
        0.11949350386857986,
        0.0859811082482338,
        0.0702087253332138,
        0.07515665143728256,
        0.07037568837404251,
        0.07582963407039642,
        0.0751043438911438,
        0.11151346713304519
    ],
    "MRPC": [
        0.08460223078727722,
        0.08235304802656174,
        0.08303622901439667,
        0.08417902141809464,
        0.0830149233341217,
        0.08291333317756652,
        0.08293929547071457,
        0.08327278792858124,
        0.08324429839849472,
        0.08327202200889587,
        0.08282305747270584,
        0.08434973657131195
    ],
    "NLI": [
        0.0003042740194359794,
        0.00033006354788085447,
        0.00014976969978306443,
        0.00031352355726994575,
        0.013209347892552615,
        0.007865660404786468,
        0.0025511432788334785,
        0.0009210341202560812,
        0.0021527270204387606,
        0.0020672847051173447,
        0.00026183298614341767,
        0.9698732733726502
    ],
    "AVG_ALL": [
        0.06887513153960755,
        0.05035013985452679,
        0.050288655276017384,
        0.050042802908137674,
        0.084656379520311,
        0.05947480422910303,
        0.056464892229996615,
        0.0547458006090892,
        0.05342526316962904,
        0.05572041012201226,
        0.05845746227169001,
        0.35749825239181515
    ],
    "AVG_SENTEVAL": [
        0.07867096832820349,
        0.057495865041190496,
        0.05745135321547943,
        0.05714698567254735,
        0.0948630983242765,
        0.06684753906114825,
        0.06416685636587706,
        0.06243505296463679,
        0.06074991119094193,
        0.06338514232442581,
        0.06677112359819667,
        0.27001610653741015
    ]
}