{
    "MR": [
        0.10561694949865341,
        0.03668196154758334,
        0.07256604582071305,
        0.1043537512421608,
        0.16455098092556,
        0.27907326221466067,
        0.3444367825984955,
        0.3650995135307312,
        0.33277769684791564,
        0.31607901453971865,
        0.29381072521209717,
        0.29765671491622925
    ],
    "CR": [
        0.17188208997249604,
        0.16231186389923097,
        0.180831179022789,
        0.2013185888528824,
        0.23618756830692292,
        0.2703243434429169,
        0.28010995388031007,
        0.2746502965688705,
        0.2709877371788025,
        0.2650468468666077,
        0.260192283987999,
        0.2564282685518265
    ],
    "SUBJ": [
        0.19780823290348054,
        0.17594424784183502,
        0.20954088270664215,
        0.23204436898231506,
        0.25696378350257876,
        0.2814948737621307,
        0.3161612689495087,
        0.3101203978061676,
        0.31097800731658937,
        0.3053606450557709,
        0.31151811480522157,
        0.3286600112915039
    ],
    "MPQA": [
        0.24492490887641907,
        0.23023596107959748,
        0.22053043842315673,
        0.21986181139945984,
        0.23765046894550323,
        0.2676374137401581,
        0.2748469591140747,
        0.2648706465959549,
        0.24958568513393403,
        0.25004525780677794,
        0.23911049962043762,
        0.2213818371295929
    ],
    "SST2": [
        0.20600350797176362,
        0.029231666401028634,
        0.08005086854100227,
        0.07222989518195391,
        0.15417338907718658,
        0.3667271912097931,
        0.4328838884830475,
        0.33645656108856203,
        0.30687807202339173,
        0.23786824345588684,
        0.13932039141654967,
        0.18255908489227296
    ],
    "TREC": [
        0.2841471344232559,
        0.2757281422615051,
        0.2788331538438797,
        0.28272906839847567,
        0.2856454014778137,
        0.28772384524345396,
        0.2886387765407562,
        0.2899084359407425,
        0.2904717355966568,
        0.28918241858482363,
        0.28420786559581757,
        0.2808059066534042
    ],
    "MRPC": [
        0.12274682074785233,
        0.15150338113307954,
        0.1299698084592819,
        0.1582750141620636,
        0.17349705696105958,
        0.20044892132282258,
        0.21329663097858428,
        0.20761280059814452,
        0.20572543740272523,
        0.21371752619743348,
        0.21607280671596527,
        0.2288915365934372
    ],
    "NLI": [
        -0.07397614866495132,
        -0.06799605786800385,
        -0.16969962418079376,
        -0.3359892785549164,
        0.004402105510234833,
        0.4148664891719818,
        0.4991845488548279,
        0.6490877628326416,
        0.4680278480052948,
        0.2638983905315399,
        -0.21421653181314468,
        0.3281631499528885
    ],
    "AVG_ALL": [
        0.1573941869661212,
        0.12420514578698202,
        0.1253278440795839,
        0.11685290245804938,
        0.18913384433835748,
        0.2960370425134898,
        0.33119485117495057,
        0.3372258018702269,
        0.30442902743816375,
        0.2676497928798199,
        0.1912520194426179,
        0.2655683137476444
    ],
    "AVG_SENTEVAL": [
        0.19044709205627441,
        0.15166246059483715,
        0.16747462525963783,
        0.18154464260275877,
        0.215524092742375,
        0.2790614072765623,
        0.30719632293496807,
        0.2926740931613105,
        0.28105776735714505,
        0.26818570750100273,
        0.24917609819344114,
        0.2566261942897524
    ]
}