{
    "MR": [
        0.01615169271826744,
        0.015313177555799484,
        0.014885407872498035,
        0.014450512640178204,
        0.014304003678262234,
        0.015152980759739875,
        0.013255620934069156,
        0.013228984177112579,
        0.013522780500352383,
        0.013443494215607643,
        0.015341942384839057,
        0.02473650723695755,
        0.026463253796100615,
        0.045962896198034286,
        0.05291699320077896,
        0.0765034168958664,
        0.1189429983496666,
        0.17743168473243714,
        0.18488415479660034,
        0.054168305546045306,
        0.026064976304769515,
        0.018646205216646193,
        0.017402630671858786,
        0.016825397685170173
    ],
    "CR": [
        0.022708284854888915,
        0.022049375250935553,
        0.021819648891687395,
        0.021095506474375726,
        0.020799382030963896,
        0.020772356167435647,
        0.020434414595365526,
        0.020793867483735084,
        0.02146149203181267,
        0.022187552973628046,
        0.027492644265294075,
        0.041940240561962126,
        0.0550929993391037,
        0.0714062586426735,
        0.08252250254154206,
        0.09118222147226333,
        0.09766791313886643,
        0.09945838898420334,
        0.08760926872491837,
        0.04241382926702499,
        0.022906988859176636,
        0.021863086521625517,
        0.022186172753572465,
        0.022135594487190248
    ],
    "SUBJ": [
        0.02219487465918064,
        0.022639002278447153,
        0.022154603525996207,
        0.02133904881775379,
        0.02036958672106266,
        0.020403766259551048,
        0.020482420548796655,
        0.020671775564551353,
        0.02234751209616661,
        0.02691044844686985,
        0.03140776790678501,
        0.04524567946791649,
        0.051404088735580444,
        0.06143424436450005,
        0.07047567367553711,
        0.08127013593912125,
        0.0854361817240715,
        0.08954910933971405,
        0.08356993347406387,
        0.05904795005917549,
        0.042476242035627367,
        0.029138660058379173,
        0.026109281182289123,
        0.023922006785869598
    ],
    "MPQA": [
        0.034285273402929306,
        0.04603297114372253,
        0.04588596522808075,
        0.0569162055850029,
        0.05956771597266197,
        0.06677965298295022,
        0.06822770535945892,
        0.06420343816280365,
        0.05119505524635315,
        0.03793067038059235,
        0.03576293960213661,
        0.04283025190234184,
        0.035938406735658644,
        0.03848433867096901,
        0.04219947680830956,
        0.042832008004188536,
        0.04129364714026451,
        0.033445627242326734,
        0.027178702130913734,
        0.02684783488512039,
        0.02463577762246132,
        0.024469921737909316,
        0.026429107040166856,
        0.026627305522561075
    ],
    "SST2": [
        0.01979729048907757,
        0.021052217110991478,
        0.021131316572427748,
        0.02848656252026558,
        0.02786206118762493,
        0.02751002125442028,
        0.02512400411069393,
        0.02248217463493347,
        0.021910324692726135,
        0.016374097391963004,
        0.023366054892539977,
        0.03342780508100986,
        0.027901599742472173,
        0.046778247505426404,
        0.06695040836930274,
        0.09126451909542084,
        0.11860665827989578,
        0.17489350140094756,
        0.09547001868486404,
        0.028958918899297713,
        0.018159698508679867,
        0.013743142690509557,
        0.014156509004533292,
        0.014592834562063218
    ],
    "TREC": [
        0.02044157013297081,
        0.0208139531314373,
        0.020519137755036353,
        0.020192089676856994,
        0.02094390578567982,
        0.02697608582675457,
        0.03312615863978863,
        0.046893996000289914,
        0.05790733322501183,
        0.06824720278382301,
        0.06620306000113488,
        0.07196248769760132,
        0.06652484983205795,
        0.07046361267566681,
        0.0744883432984352,
        0.07323669344186783,
        0.0677354909479618,
        0.051946792751550674,
        0.025402896851301194,
        0.01935940459370613,
        0.01883443221449852,
        0.01907483786344528,
        0.019314716383814812,
        0.019390944764018057
    ],
    "MRPC": [
        0.031066358834505082,
        0.030655895918607713,
        0.028906581550836564,
        0.02815077789127827,
        0.027670242264866828,
        0.027374281361699105,
        0.02695004902780056,
        0.02575300633907318,
        0.026068423688411713,
        0.025959410518407822,
        0.026022305712103844,
        0.026728513464331628,
        0.02900676466524601,
        0.034287933632731436,
        0.043596134334802625,
        0.05821424275636673,
        0.06618805900216103,
        0.059703707695007324,
        0.0632393479347229,
        0.05654650703072548,
        0.05505734160542488,
        0.0560548447072506,
        0.06721529588103295,
        0.07958395034074783
    ],
    "NLI": [
        0.0021446028491482138,
        0.002362488117069006,
        0.0022578937467187645,
        0.002095217118039727,
        0.002098860964179039,
        0.002540786936879158,
        0.002357453666627407,
        0.002058763965032995,
        0.001823373348452151,
        0.0016088984441012145,
        0.0012430774862878025,
        0.0010637562721967698,
        0.0010534568107686936,
        0.001192221511155367,
        0.0013936813804320991,
        0.002209348022006452,
        0.0020740040577948093,
        0.01259584929794073,
        0.08499053567647934,
        0.4779034614562988,
        0.11549025177955627,
        0.1578074038028717,
        0.08190870583057404,
        0.03772589936852455
    ],
    "AVG_ALL": [
        0.021098743492621,
        0.022614885063376278,
        0.022195069392910226,
        0.024090740090468896,
        0.024201969825662674,
        0.025938741443678737,
        0.026244728360325098,
        0.027010750790941524,
        0.02702953685366083,
        0.02658272189437412,
        0.028354974031390156,
        0.0359919052105397,
        0.03667317745712353,
        0.04625121915014461,
        0.05431790170114255,
        0.06458907320338766,
        0.07474311908008531,
        0.08737808268051594,
        0.08154310728423296,
        0.0956557764671743,
        0.0404532136162743,
        0.04259976282482966,
        0.03434030234348029,
        0.030100491689518092
    ],
    "AVG_SENTEVAL": [
        0.023806477870259968,
        0.02550808462713446,
        0.025043237342366152,
        0.027232957657958776,
        0.02735955680587462,
        0.029281306373221537,
        0.029657196173710484,
        0.030575320337499885,
        0.030630417354404926,
        0.03015041095869882,
        0.03222810210926192,
        0.04098164077316012,
        0.041761708978031366,
        0.05268821881285735,
        0.06187850460410118,
        0.07350046251501355,
        0.08512442122612682,
        0.09806125887802668,
        0.08105061751391206,
        0.04104896432587079,
        0.029733636735805445,
        0.02614152839939509,
        0.027544816131038326,
        0.02901114773537431
    ]
}