{
    "MR": [
        0.03168514557182789,
        0.029504485055804254,
        0.02777109146118164,
        0.026449896022677423,
        0.0242130309343338,
        0.028541586920619012,
        0.06336888521909714,
        0.12336157411336898,
        0.16456637382507325,
        0.2763258248567581,
        0.15681333243846893,
        0.04739878550171852
    ],
    "CR": [
        0.042223776876926425,
        0.04119895175099373,
        0.039635681360960004,
        0.03941408172249794,
        0.04164184555411339,
        0.051258758455514905,
        0.11524490714073181,
        0.1594197064638138,
        0.16252268254756927,
        0.1828564167022705,
        0.07344915121793746,
        0.05113404244184494
    ],
    "SUBJ": [
        0.03629969209432602,
        0.034740515798330304,
        0.03132675290107727,
        0.03250296972692013,
        0.056469179689884186,
        0.09252178370952606,
        0.12983659505844117,
        0.1564631551504135,
        0.14951804280281067,
        0.18105101883411406,
        0.041714081168174745,
        0.0575562059879303
    ],
    "MPQA": [
        0.06400227844715119,
        0.0503212496638298,
        0.04242245852947235,
        0.08413107693195343,
        0.10411827713251114,
        0.10521962940692901,
        0.15815101563930511,
        0.16058439612388611,
        0.06014700159430504,
        0.0850201353430748,
        0.04068897441029549,
        0.0451934888958931
    ],
    "SST2": [
        0.03710534274578094,
        0.02885906584560871,
        0.02470339722931385,
        0.026454753056168557,
        0.02311302348971367,
        0.03431974574923515,
        0.09776080548763275,
        0.1694050222635269,
        0.13446134626865386,
        0.36223179697990415,
        0.0383614294230938,
        0.023224272578954697
    ],
    "TREC": [
        0.04424170702695847,
        0.04284017756581306,
        0.040359098464250565,
        0.05523056164383888,
        0.13372260332107544,
        0.15714469850063323,
        0.16683541238307953,
        0.1729718565940857,
        0.04890853762626648,
        0.04345603361725807,
        0.04204789400100708,
        0.05224139243364334
    ],
    "MRPC": [
        0.054412589967250825,
        0.054922737181186676,
        0.0507127657532692,
        0.052188221365213394,
        0.05296782851219177,
        0.04549869075417519,
        0.057938799262046814,
        0.11218729317188263,
        0.1094690978527069,
        0.1322860136628151,
        0.1285179913043976,
        0.1488979786634445
    ],
    "NLI": [
        0.002070180105511099,
        0.001950656739063561,
        0.001540461927652359,
        0.0013780594686977564,
        0.0013865969725884498,
        0.0013122787640895694,
        0.0014395564328879118,
        0.0021370725124143066,
        0.004888795968145132,
        0.10857013016939163,
        0.7751319885253907,
        0.09819426387548447
    ],
    "AVG_ALL": [
        0.03900508910446661,
        0.03554222995007877,
        0.032308963453397156,
        0.03971870249224593,
        0.054704048200801485,
        0.06447714653259026,
        0.09882199707790279,
        0.132066259549174,
        0.10431023481069134,
        0.1714746712706983,
        0.1620906053110957,
        0.06548005379736424
    ],
    "AVG_SENTEVAL": [
        0.04428150467574597,
        0.040341026123080936,
        0.0367044636713607,
        0.045195937209895676,
        0.062320826947689055,
        0.0735006990709475,
        0.1127337743129049,
        0.1506275719829968,
        0.11851329750248364,
        0.18046103428517069,
        0.07451326485191072,
        0.060806595214775626
    ]
}