{
    "MR": [
        0.04968288391828537,
        0.048339574784040454,
        0.04821992143988609,
        0.04755353108048439,
        0.04334478862583637,
        0.04403329826891422,
        0.052363349497318266,
        0.07359356358647347,
        0.15546317398548126,
        0.1624267578125,
        0.15210068821907044,
        0.12287844270467758
    ],
    "CR": [
        0.06327405944466591,
        0.06297107115387916,
        0.06275131031870843,
        0.06241986006498337,
        0.060944394767284395,
        0.061829458177089694,
        0.06993113160133362,
        0.09471626877784729,
        0.11777354180812835,
        0.11818695962429046,
        0.1172810137271881,
        0.107920902967453
    ],
    "SUBJ": [
        0.058231765776872633,
        0.05788968876004219,
        0.058054257184267044,
        0.057497036457061765,
        0.05356883406639099,
        0.0556961290538311,
        0.07874672710895539,
        0.09582755714654922,
        0.11752834469079972,
        0.12376740723848342,
        0.1267777442932129,
        0.1164144977927208
    ],
    "MPQA": [
        0.11905286908149719,
        0.08800723254680634,
        0.062347157299518584,
        0.05806434750556946,
        0.05352706611156464,
        0.06293176934123039,
        0.10015394687652587,
        0.09593618959188462,
        0.10544945299625397,
        0.10851517617702484,
        0.09199057519435883,
        0.054024205356836316
    ],
    "SST2": [
        0.08240072876214981,
        0.05864324197173119,
        0.04767253398895264,
        0.042014296352863315,
        0.031909612193703654,
        0.03275533244013786,
        0.04367236644029617,
        0.05234442129731178,
        0.23070042133331298,
        0.16642744839191437,
        0.13624759018421173,
        0.07521202862262726
    ],
    "TREC": [
        0.04101794213056564,
        0.0407195121049881,
        0.04064741656184197,
        0.04005419462919235,
        0.038850076496601105,
        0.076645228266716,
        0.12980968058109282,
        0.13668472170829774,
        0.14780427515506744,
        0.14015126526355742,
        0.12731142938137055,
        0.040304277837276456
    ],
    "MRPC": [
        0.07364708334207534,
        0.07142118364572525,
        0.07179750204086303,
        0.07530496716499328,
        0.08659581393003464,
        0.09336424618959427,
        0.09409436881542206,
        0.09360949248075486,
        0.09254215210676194,
        0.09082681387662887,
        0.08435017168521881,
        0.07244621068239213
    ],
    "NLI": [
        0.014699213579297066,
        0.015086065419018269,
        0.016149851307272912,
        0.01771708484739065,
        0.02098633423447609,
        0.07269742637872696,
        0.14326558113098145,
        0.1834160417318344,
        0.29911854267120364,
        0.12401780784130097,
        0.06506742462515831,
        0.027778608724474907
    ],
    "AVG_ALL": [
        0.06275081825442612,
        0.055384696298278864,
        0.05095499376766384,
        0.050078164762817325,
        0.04871586505323648,
        0.062494111014530056,
        0.0890046440064907,
        0.10326603204011917,
        0.15829748809337618,
        0.12928995452821254,
        0.11264082966372371,
        0.0771223968360573
    ],
    "AVG_SENTEVAL": [
        0.06961533320801598,
        0.06114164356674467,
        0.055927156976291116,
        0.05470117617930685,
        0.05267722659877368,
        0.0610364945339305,
        0.08125308156013489,
        0.09181603065558842,
        0.13818019458225797,
        0.13004311834062848,
        0.11943703038351876,
        0.08417150942342622
    ]
}