{
    "MR": [
        0.3708748370409012,
        0.09929357543587684,
        0.1047812707722187,
        0.11176408603787422,
        0.34936548471450807,
        0.35042678117752074,
        0.39406588971614837,
        0.22611889243125916,
        0.3113150656223297,
        0.34279368817806244,
        0.42197113633155825,
        0.5405467569828033
    ],
    "CR": [
        0.0747065395116806,
        0.07505532503128051,
        0.07557054609060287,
        0.07555736005306243,
        0.0753167986869812,
        0.07564832866191865,
        0.07560086101293564,
        0.07690117508172989,
        0.07733854800462722,
        0.07807392179965973,
        0.07598130702972412,
        0.0768792137503624
    ],
    "SUBJ": [
        0.5343588948249817,
        0.24768655002117157,
        0.3657501459121704,
        0.3462007582187653,
        0.636980938911438,
        0.6272976398468018,
        0.5668947577476502,
        0.45507208704948426,
        0.5434717893600464,
        0.549470591545105,
        0.6352786779403686,
        0.6817594408988953
    ],
    "MPQA": [
        0.19274967685341834,
        0.10625409260392189,
        0.09134428575634956,
        0.0715324729681015,
        0.14752601385116576,
        0.12271691411733628,
        0.12592324763536453,
        0.10519085675477982,
        0.10348021388053893,
        0.10757953375577926,
        0.21311150044202803,
        0.22884697318077088
    ],
    "SST2": [
        0.6672026515007019,
        -0.34909754395484927,
        0.19031165838241576,
        -0.06925917486660182,
        0.45313469767570497,
        0.510145115852356,
        0.9389525651931763,
        -0.07503464892506599,
        0.4715180516242981,
        0.40331554114818574,
        0.9794393062591553,
        0.9833580851554871
    ],
    "TREC": [
        0.30968162417411804,
        0.16750988215208054,
        0.12083443105220795,
        0.11167806684970856,
        0.2471105232834816,
        0.19596591889858245,
        0.146441812813282,
        0.14636846035718917,
        0.13305893689393997,
        0.14276386946439742,
        0.17436423599720002,
        0.3616416916251183
    ],
    "MRPC": [
        0.07387848049402237,
        0.07318045198917389,
        0.07431743741035461,
        0.07482602894306183,
        0.07489206343889236,
        0.07469862252473831,
        0.07481751590967178,
        0.07633770257234573,
        0.07771989703178406,
        0.07754039466381073,
        0.07408576160669327,
        0.07653816342353821
    ],
    "NLI": [
        -0.04229340441524983,
        -0.20649755299091338,
        -0.1691036194562912,
        -0.40771995186805726,
        0.6462214708328247,
        0.5848786473274231,
        0.6477461159229279,
        -0.24670914709568023,
        0.6874645590782166,
        0.31582961678504945,
        -0.08121760468930006,
        0.9722736597061157
    ],
    "AVG_ALL": [
        0.2726449124980718,
        0.026673097535967825,
        0.10672576949000359,
        0.039322455791989334,
        0.3288184989243746,
        0.31772224605083466,
        0.37130534574389457,
        0.09553067227825522,
        0.3006708826869726,
        0.2521708946675062,
        0.31162679011467853,
        0.4902304980903863
    ],
    "AVG_SENTEVAL": [
        0.3176361006285463,
        0.059983190468379424,
        0.14612996791090285,
        0.1031856568862817,
        0.28347521722316743,
        0.2795570458684649,
        0.3318138071468898,
        0.1444220750459603,
        0.2454146432025092,
        0.24307679150785716,
        0.3677474179438183,
        0.4213671892881393
    ]
}