{
    "MR": [
        0.021696750074625015,
        0.017801247537136078,
        0.017183084040880203,
        0.017034457996487617,
        0.01510336622595787,
        0.019574858248233795,
        0.04825139418244362,
        0.09302956610918045,
        0.13623371720314026,
        0.4729473888874054,
        0.10883984714746475,
        0.032304346561431885
    ],
    "CR": [
        0.034596577286720276,
        0.03293236717581749,
        0.03161182627081871,
        0.03147479146718979,
        0.03318808600306511,
        0.041167184710502625,
        0.10782033950090408,
        0.18263199925422668,
        0.17799581587314606,
        0.21966713666915894,
        0.06293489784002304,
        0.04397895187139511
    ],
    "SUBJ": [
        0.0298529751598835,
        0.028242431581020355,
        0.025613883510231972,
        0.02819756045937538,
        0.050112128257751465,
        0.0821482390165329,
        0.1295696198940277,
        0.17784196138381958,
        0.15206708014011383,
        0.2044740468263626,
        0.03707355260848999,
        0.054806552827358246
    ],
    "MPQA": [
        0.09102311730384827,
        0.05831584334373474,
        0.04001902416348457,
        0.08877673000097275,
        0.09787293523550034,
        0.0903325155377388,
        0.17375200986862183,
        0.1823505163192749,
        0.04851634055376053,
        0.06445866823196411,
        0.03110150247812271,
        0.03348083049058914
    ],
    "SST2": [
        0.05186239257454872,
        0.029891200363636017,
        0.02330896072089672,
        0.02864553965628147,
        0.02596724033355713,
        0.030941002070903778,
        0.10098105669021606,
        0.16066773235797882,
        0.10067121684551239,
        0.3959467113018036,
        0.035239823162555695,
        0.01587715372443199
    ],
    "TREC": [
        0.033223189413547516,
        0.03184289112687111,
        0.03006613999605179,
        0.04550273343920708,
        0.12409529089927673,
        0.16913649439811707,
        0.20057979226112366,
        0.22113585472106934,
        0.037834178656339645,
        0.03314833715558052,
        0.02975635789334774,
        0.043678782880306244
    ],
    "MRPC": [
        0.05075375363230705,
        0.05079114809632301,
        0.042618751525878906,
        0.045158617198467255,
        0.047074172645807266,
        0.037777721881866455,
        0.05131901800632477,
        0.11495012789964676,
        0.11027754098176956,
        0.1420060247182846,
        0.13900226354599,
        0.16827085614204407
    ],
    "NLI": [
        0.0008015054045245051,
        0.0006231667939573526,
        0.00028174096951261163,
        0.00022185625857673585,
        0.0002345563261769712,
        0.00020138575928285718,
        0.0003195290919393301,
        0.0006008775089867413,
        0.0028514729347079992,
        0.060913439840078354,
        0.8950111865997314,
        0.03793925791978836
    ],
    "AVG_SENTEVAL": [
        0.04471553649221148,
        0.035688161317791255,
        0.030060238604034697,
        0.04068434717399733,
        0.056201888514416556,
        0.06729685940912791,
        0.11603903291480881,
        0.16180110829217093,
        0.10908512717911176,
        0.2189497591129371,
        0.06342117781085628,
        0.056056782071079524
    ],
    "AVG_ALL": [
        0.039226282606250606,
        0.03130503700231202,
        0.026337926399719436,
        0.03562653580956976,
        0.04920597199088661,
        0.058909925202897284,
        0.10157409493695013,
        0.1416510794442729,
        0.09580592039856128,
        0.19919521920382977,
        0.16736992890946567,
        0.05379209155216813
    ],
    "SUM_ALL": [
        0.31381026085000485,
        0.25044029601849616,
        0.21070341119775549,
        0.2850122864765581,
        0.3936477759270929,
        0.4712794016231783,
        0.8125927594956011,
        1.1332086355541833,
        0.7664473631884903,
        1.5935617536306381,
        1.3389594312757254,
        0.43033673241734505
    ]
}