{
    "MR": [
        0.0264550119638443,
        -0.005531129240989685,
        -0.1123198464512825,
        0.2771404147148132,
        0.19114499986171724,
        -0.3644178956747055,
        -0.13569040931761264,
        -0.14789577424526215,
        0.023110902309417723,
        -0.33945210874080656,
        0.31083800494670866,
        0.14682144522666932
    ],
    "CR": [
        0.050123471021652224,
        0.01679922342300415,
        -0.05562221556901932,
        0.361406672000885,
        0.23298342153429985,
        -0.30650436878204346,
        -0.04831686615943909,
        -0.009866440296173095,
        0.19130205884575843,
        -0.15269256951287388,
        0.42086716890335085,
        0.1604410856962204
    ],
    "SUBJ": [
        0.08414162695407867,
        0.03717266917228699,
        -0.04469797909259796,
        0.4111746594309807,
        0.27260192632675173,
        -0.2681263007223606,
        0.0037075147032737733,
        0.04369940608739853,
        0.23619139194488525,
        -0.10832404494285583,
        0.4456016272306442,
        0.2010568305850029
    ],
    "MPQA": [
        0.0670365571975708,
        0.07063234597444534,
        -0.007357367873191833,
        0.4067006602883339,
        0.3171426054177573,
        -0.1946505658328533,
        0.07382052093744278,
        0.08860759846866131,
        0.292862781137228,
        -0.09083629176020622,
        0.5171504259109497,
        0.13478353172540664
    ],
    "SST2": [
        0.1350140580907464,
        -0.024655219912528992,
        -0.1322835847735405,
        0.23800747394561766,
        0.13793263472616674,
        -0.27323146164417267,
        0.042734790965914725,
        0.055298903957009315,
        0.24238039255142213,
        -0.09759308099746704,
        0.3823438107967377,
        0.08168699145317078
    ],
    "TREC": [
        0.11169676184654236,
        0.08609738051891327,
        0.12275450229644776,
        0.561135609447956,
        0.41549138724803925,
        -0.23055205587297678,
        0.010279406607151032,
        0.07090026736259461,
        0.24968400597572327,
        -0.11515529081225395,
        0.4588435351848602,
        0.19347083643078805
    ],
    "MRPC": [
        0.03770311921834946,
        -0.009674692153930664,
        -0.12034671269357204,
        0.3015226721763611,
        0.182731575332582,
        -0.32746487110853195,
        -0.0435220405459404,
        0.011003099381923676,
        0.2254781059920788,
        -0.10798164904117584,
        0.561754333972931,
        0.1661991834640503
    ],
    "NLI": [
        0.03155933525413275,
        0.029522236436605453,
        -0.09856675211340189,
        0.023982631415128706,
        0.08945969939231872,
        -0.18831471847370268,
        -0.019304174184799194,
        -0.12663240190595387,
        0.07071574479341507,
        -0.35680470168590545,
        1.297977900505066,
        0.22266912870109082
    ],
    "AVG_ALL": [
        0.06796624269336463,
        0.025045351777225732,
        -0.05605499453376978,
        0.32263384917750954,
        0.2299360312299541,
        -0.26915777976391836,
        -0.01453640712425113,
        -0.0018606676487252088,
        0.19146567294374106,
        -0.1711049671866931,
        0.549422100931406,
        0.1633911291602999
    ],
    "AVG_SENTEVAL": [
        0.07316722947039775,
        0.024405796825885773,
        -0.049981886308108056,
        0.36529830885784964,
        0.2500040786353306,
        -0.28070678851966346,
        -0.013855297544172834,
        0.015963865816593172,
        0.20871566267950192,
        -0.14457643368680562,
        0.4424855581351689,
        0.15492284351161548
    ]
}