{
    "MR": [
        0.05837769135832786,
        0.05534750372171402,
        0.056251011043787005,
        0.056703321635723114,
        0.054394377022981645,
        0.048112974315881726,
        0.05703355297446251,
        0.06760363355278969,
        0.1242404192686081,
        0.13910617530345917,
        0.14892408549785613,
        0.1339052587747574
    ],
    "CR": [
        0.06332106739282609,
        0.06294387206435204,
        0.06358580812811851,
        0.06464432403445244,
        0.06377309858798981,
        0.05969500690698624,
        0.0666548639535904,
        0.07664510607719421,
        0.11826993525028229,
        0.12245510965585708,
        0.12292527556419372,
        0.11508651226758956
    ],
    "SUBJ": [
        0.06792013868689536,
        0.0678577296435833,
        0.0683277390897274,
        0.06879388839006424,
        0.068526741117239,
        0.07111312001943589,
        0.08917489647865295,
        0.09204030781984329,
        0.09836854040622711,
        0.10212041437625885,
        0.1037052884697914,
        0.10205117762088775
    ],
    "MPQA": [
        0.07642510384321213,
        0.07256166040897369,
        0.06848012804985046,
        0.06822063326835633,
        0.06938521713018417,
        0.07088585197925568,
        0.09222365915775299,
        0.09506099969148636,
        0.1025073617696762,
        0.10607665032148361,
        0.10746200680732727,
        0.07071072310209274
    ],
    "SST2": [
        0.11092396080493927,
        0.08189060240983963,
        0.05862334817647934,
        0.045285260677337645,
        0.03491030186414719,
        0.026190131902694702,
        0.030893969908356668,
        0.03488444797694683,
        0.16088819205760957,
        0.13954594731330872,
        0.16674528121948243,
        0.10921854972839355
    ],
    "TREC": [
        0.0501807190477848,
        0.05005735009908676,
        0.04997971355915069,
        0.04948219358921051,
        0.047978251427412036,
        0.05918682813644409,
        0.11864790320396423,
        0.12299327999353409,
        0.13732230365276338,
        0.13525946140289308,
        0.12794219702482224,
        0.05096979513764381
    ],
    "MRPC": [
        0.07489023804664612,
        0.0751645728945732,
        0.07540366947650909,
        0.07616860717535019,
        0.07816587686538697,
        0.09096814543008805,
        0.09131847470998763,
        0.08950312435626984,
        0.08910991251468658,
        0.08965068310499191,
        0.0879746526479721,
        0.08168202936649323
    ],
    "NLI": [
        0.02658014968037605,
        0.0269066222012043,
        0.02795908451080322,
        0.02726740315556526,
        0.025422700494527817,
        0.038951250910758975,
        0.11104094982147217,
        0.11695137023925781,
        0.21425845921039582,
        0.18182786107063292,
        0.1412476807832718,
        0.061586473137140274
    ],
    "AVG_ALL": [
        0.06607738360762597,
        0.06159123918041587,
        0.05857631275430322,
        0.05707070399075746,
        0.05531957056373357,
        0.058137913700193174,
        0.08212353377602995,
        0.08696028371341527,
        0.1306206405162811,
        0.12700528781861067,
        0.12586580850183965,
        0.09065131489187479
    ],
    "AVG_SENTEVAL": [
        0.0717198455972331,
        0.06654618446316038,
        0.06295020250337466,
        0.06132831839578492,
        0.05959055200219154,
        0.0608788655272552,
        0.07799247434096677,
        0.08267584278115205,
        0.11867238070283616,
        0.11917349163975034,
        0.12366839817592076,
        0.09480343514255116
    ]
}