{
    "MR": [
        0.10645917952060699,
        0.06573527976870537,
        0.09224350973963738,
        0.1281975895166397,
        0.17423638552427292,
        0.277174699306488,
        0.32665002942085264,
        0.34215363264083865,
        0.31948226094245913,
        0.30562783479690553,
        0.2832173764705658,
        0.2678558349609375
    ],
    "CR": [
        0.16401812434196472,
        0.15608288943767548,
        0.174396088719368,
        0.19344162940979004,
        0.22639651000499725,
        0.2578211545944214,
        0.26785207390785215,
        0.2640458732843399,
        0.26016835272312167,
        0.2532911628484726,
        0.2465252935886383,
        0.237840473651886
    ],
    "SUBJ": [
        0.19093519151210786,
        0.17721591889858246,
        0.20430982112884521,
        0.22407837212085724,
        0.2455655187368393,
        0.2671972751617432,
        0.29381812214851377,
        0.29044021368026735,
        0.2911060929298401,
        0.28675940334796907,
        0.29092092514038087,
        0.2938863694667816
    ],
    "MPQA": [
        0.23740182518959047,
        0.22519439160823823,
        0.210087451338768,
        0.2164362609386444,
        0.2342612087726593,
        0.2728895992040634,
        0.28050189316272733,
        0.2687009125947952,
        0.2526088684797287,
        0.2531541556119919,
        0.23298052847385406,
        0.2005776584148407
    ],
    "SST2": [
        0.2380814880132675,
        -0.009903806005604565,
        0.07324873432517051,
        0.006344952434301376,
        0.009692919999361038,
        0.40454613566398623,
        0.5602135777473449,
        0.34884404540061953,
        0.2960444390773773,
        0.21956067085266112,
        -0.016382693871855737,
        0.04831104725599289
    ],
    "TREC": [
        0.31483581066131594,
        0.3051107347011566,
        0.30786415934562683,
        0.3134206533432007,
        0.31681193709373473,
        0.32026839852333067,
        0.3211752772331238,
        0.32301716804504393,
        0.32409117221832273,
        0.32267686128616335,
        0.3154308915138245,
        0.3063342809677124
    ],
    "MRPC": [
        0.13134143501520157,
        0.1521751493215561,
        0.13914853036403657,
        0.1826657235622406,
        0.1839950531721115,
        0.20699349641799927,
        0.2172396093606949,
        0.20642489492893218,
        0.20982820987701417,
        0.223160320520401,
        0.21460368633270263,
        0.21490777730941774
    ],
    "NLI": [
        -0.06741624921560288,
        -0.03672849200665951,
        -0.15601777136325837,
        -0.22095902860164643,
        0.006934565864503384,
        0.419114226102829,
        0.5093696236610412,
        0.6632610321044922,
        0.5140122890472412,
        0.3437769114971161,
        -0.04170624241232872,
        -0.14701175838708877
    ],
    "AVG_ALL": [
        0.1644571006298065,
        0.1293602582154563,
        0.13066006544977424,
        0.13045326909050345,
        0.17473676239605995,
        0.30325062312185763,
        0.3471025258302688,
        0.3383609715849161,
        0.3084177106618881,
        0.2760009150952101,
        0.1906987206544727,
        0.17783771045506
    ],
    "AVG_SENTEVAL": [
        0.19758186489343643,
        0.1530872225329014,
        0.17161404213735035,
        0.18065502590366772,
        0.19870850475771087,
        0.2866986798388617,
        0.3239215118544442,
        0.2919466772249767,
        0.27904705660683765,
        0.26631862989493776,
        0.22389942966401574,
        0.2242447774325098
    ]
}