{
    "SICKRelatedness": [
        0.15462445318698884,
        0.12960012257099152,
        0.1121134802699089,
        0.12050507962703705,
        0.1104363352060318,
        0.10328499376773834,
        0.10275631994009018,
        0.04441787675023079,
        0.029051852598786353,
        0.030150128155946733,
        0.03040742948651314,
        0.03265194296836853
    ],
    "STSBenchmark": [
        0.20565425753593444,
        0.15201635360717775,
        0.12502064406871796,
        0.1277705430984497,
        0.10440925806760788,
        0.08316576480865479,
        0.08340767472982406,
        0.030261103063821793,
        0.019621378928422927,
        0.021092551946640014,
        0.022448371350765228,
        0.025132082030177118
    ],
    "AVG_ALL": [
        0.18013935536146164,
        0.14080823808908463,
        0.11856706216931343,
        0.12413781136274338,
        0.10742279663681983,
        0.09322537928819656,
        0.09308199733495712,
        0.03733948990702629,
        0.02433661576360464,
        0.02562134005129337,
        0.026427900418639183,
        0.028892012499272823
    ]
}