{
    "SICKRelatedness": [
        0.21751134395599364,
        0.18161314725875854,
        0.11622141301631927,
        0.04332667887210846,
        0.03710450455546379,
        0.03901613056659699,
        0.04000830426812172,
        0.04198779985308647,
        0.045048294216394426,
        0.05142987817525864,
        0.05873665362596512,
        0.1279958426952362
    ],
    "STSBenchmark": [
        0.263624495267868,
        0.16772654950618743,
        0.07159225791692733,
        0.028447969630360604,
        0.02836594507098198,
        0.029416187107563017,
        0.030241578072309493,
        0.03108458183705807,
        0.03462874740362167,
        0.04316016510128975,
        0.07001476734876633,
        0.20169675648212432
    ],
    "AVG_ALL": [
        0.24056791961193083,
        0.174669848382473,
        0.0939068354666233,
        0.03588732425123453,
        0.032735224813222885,
        0.03421615883708,
        0.035124941170215605,
        0.03653619084507227,
        0.03983852081000805,
        0.04729502163827419,
        0.06437571048736572,
        0.16484629958868025
    ]
}