{
    "MR": [
        0.04818758964538574,
        0.04511350393295288,
        0.04638742282986641,
        0.04629336073994637,
        0.046369563043117526,
        0.040240710601210594,
        0.05179497748613358,
        0.05012884736061096,
        0.11141589432954788,
        0.14362746775150298,
        0.1807110458612442,
        0.18972960710525513
    ],
    "CR": [
        0.06170462518930435,
        0.061959884315729144,
        0.06269679516553879,
        0.06320791840553283,
        0.06278943419456481,
        0.059804380685091016,
        0.08189529478549958,
        0.07864587604999543,
        0.11113996803760529,
        0.11698710918426514,
        0.12070980966091156,
        0.11845892071723937
    ],
    "SUBJ": [
        0.051453400403261185,
        0.05155808031558991,
        0.052390534430742264,
        0.054641573876142505,
        0.05632539317011833,
        0.060043135285377504,
        0.09453287869691848,
        0.08951937258243561,
        0.10818432569503784,
        0.11875756978988647,
        0.12958141565322875,
        0.13301235288381577
    ],
    "MPQA": [
        0.05595013126730919,
        0.05563737824559212,
        0.05531725585460663,
        0.0567100003361702,
        0.059927744418382646,
        0.06439853236079215,
        0.10229358822107315,
        0.10326693058013917,
        0.11428989917039871,
        0.12088621705770493,
        0.13128962963819504,
        0.08003267049789428
    ],
    "SST2": [
        0.03650383874773979,
        0.03388771153986454,
        0.034333279728889464,
        0.034551636502146724,
        0.033685944601893426,
        0.030571567267179488,
        0.030865495651960374,
        0.026691054552793504,
        0.09989801794290543,
        0.10909141153097153,
        0.20469904243946074,
        0.3252210021018982
    ],
    "TREC": [
        0.04189456924796105,
        0.04196081906557083,
        0.041918639093637466,
        0.041731701046228406,
        0.0407017894089222,
        0.045235191285610196,
        0.12636011689901352,
        0.11630830764770508,
        0.14660621136426927,
        0.14811180680990219,
        0.14604782164096833,
        0.06312301009893417
    ],
    "MRPC": [
        0.0663602165877819,
        0.06821291148662567,
        0.0681914284825325,
        0.0657664954662323,
        0.06751732230186462,
        0.09308004528284072,
        0.0974800631403923,
        0.09041236788034439,
        0.09254908859729767,
        0.09845196306705475,
        0.09635236859321594,
        0.09562571942806244
    ],
    "NLI": [
        0.0250782523304224,
        0.022877178713679315,
        0.023054924234747885,
        0.02068379856646061,
        0.019983745738863946,
        0.030858108028769492,
        0.0948230966925621,
        0.07824702709913253,
        0.1960504412651062,
        0.20514237582683564,
        0.18874795734882355,
        0.0944531038403511
    ],
    "AVG_ALL": [
        0.04839157792739569,
        0.04765093345195055,
        0.04803628497757017,
        0.04794831061735749,
        0.04841261710971594,
        0.05302895884960889,
        0.08500568894669412,
        0.07915247296914459,
        0.12251673080027105,
        0.13263199012726545,
        0.14976738635450598,
        0.13745704833418132
    ],
    "AVG_SENTEVAL": [
        0.05172205301267759,
        0.05119004127170358,
        0.051605050797973354,
        0.05184324091034276,
        0.05247388444840908,
        0.05619622325258595,
        0.08360320212585584,
        0.0792818223791463,
        0.11201191501958031,
        0.12227336359875543,
        0.14419873335531777,
        0.14360046897615705
    ]
}