{
    "MR": [
        0.09937362968921662,
        0.049162253737449646,
        0.07259269617497921,
        0.10085644349455833,
        0.14916491210460664,
        0.2838852763175964,
        0.36524181962013247,
        0.39456580877304076,
        0.34718788266181944,
        0.3268333375453949,
        0.2920804262161255,
        0.27198801934719086
    ],
    "CR": [
        0.1641181379556656,
        0.1551610052585602,
        0.17928747236728668,
        0.20638567507266997,
        0.24850601255893706,
        0.2921187043190002,
        0.3069388747215271,
        0.3022733986377716,
        0.297324013710022,
        0.28812023997306824,
        0.2789885103702545,
        0.26966103315353396
    ],
    "SUBJ": [
        0.18863993585109712,
        0.17257108092308043,
        0.2048604518175125,
        0.2300409585237503,
        0.25842089354991915,
        0.28769607841968536,
        0.335226958990097,
        0.32997692227363584,
        0.33104270696640015,
        0.3229056179523468,
        0.32594357430934906,
        0.32540505528450014
    ],
    "MPQA": [
        0.24365114569664,
        0.2272590219974518,
        0.20709497332572938,
        0.21445573568344117,
        0.23289374709129335,
        0.27468605637550353,
        0.28320516347885133,
        0.2722285747528076,
        0.25369261503219603,
        0.2515975207090378,
        0.22946426570415496,
        0.19781826734542846
    ],
    "SST2": [
        0.23225196897983552,
        0.0013889726251363754,
        0.0735835924744606,
        0.02107582166790962,
        0.06222140863537788,
        0.4045856177806854,
        0.557253623008728,
        0.3638969361782074,
        0.29865756034851076,
        0.22476064562797546,
        0.036127160862088205,
        0.06295872256159782
    ],
    "TREC": [
        0.2928557187318802,
        0.2817848265171051,
        0.2846824139356613,
        0.28921944499015806,
        0.2915181338787079,
        0.29307865500450136,
        0.29430540800094607,
        0.296796715259552,
        0.29774196445941925,
        0.29563891887664795,
        0.28876800537109376,
        0.2802506536245346
    ],
    "MRPC": [
        0.13763649761676788,
        0.15144038200378418,
        0.13523530066013337,
        0.15819899439811708,
        0.16564415395259857,
        0.19287732243537903,
        0.20565305650234222,
        0.1977622002363205,
        0.20075012147426605,
        0.214242422580719,
        0.20484102964401246,
        0.20739407539367677
    ],
    "NLI": [
        -0.05146783627569675,
        -0.0297622362151742,
        -0.1426926761865616,
        -0.23805130496621132,
        -0.03854135349392891,
        0.402376526594162,
        0.48116192817687986,
        0.7687188029289246,
        0.5001919507980347,
        0.3256861686706543,
        -0.06968519389629364,
        -0.13382603228092194
    ],
    "AVG_ALL": [
        0.16338239978067576,
        0.1261256633559242,
        0.1268305280711502,
        0.12277272110804914,
        0.17122848853468894,
        0.3039130296558142,
        0.353623354062438,
        0.36577741988003254,
        0.3158236019313335,
        0.28122310899198055,
        0.19831597232259807,
        0.18520622430369257
    ],
    "AVG_SENTEVAL": [
        0.19407529064587184,
        0.14839536329465255,
        0.16533384296510903,
        0.1743190105472292,
        0.2011956088244915,
        0.2898468158074788,
        0.33540355776037484,
        0.30821436515876227,
        0.28948526637894767,
        0.2748712433235986,
        0.23660185321101118,
        0.2307822609586375
    ]
}