{
    "MR": [
        0.20941376090049743,
        0.10810557454824447,
        0.32292807996273043,
        0.09016448035836219,
        0.09425242394208908,
        0.058466801047325136,
        0.13989397287368774,
        0.16814130842685698,
        -0.23100313544273376,
        0.19876948297023772,
        1.4308851718902589,
        0.9040778279304504
    ],
    "CR": [
        0.08642656654119492,
        0.08991659432649612,
        0.08748471289873123,
        0.08435099869966507,
        0.0843840554356575,
        0.08525046110153198,
        0.08514423370361328,
        0.08447577357292176,
        0.08712606728076935,
        0.08396953940391541,
        0.08825822025537491,
        0.08780764639377595
    ],
    "SUBJ": [
        0.4463553845882416,
        0.11811115890741349,
        0.6252121210098267,
        0.05289074406027794,
        0.18388379812240602,
        0.07690328881144523,
        0.12133209705352783,
        0.07921429798007011,
        -0.008987140748649836,
        0.18754402101039885,
        1.566815161705017,
        1.2179612636566162
    ],
    "MPQA": [
        0.13063291758298873,
        0.10506720095872879,
        0.2128866732120514,
        0.0751958392560482,
        0.06176298782229424,
        0.08175704032182693,
        0.07898253127932549,
        0.07332538664340973,
        0.0607862152159214,
        0.09080875664949417,
        1.076596975326538,
        0.6357590436935425
    ],
    "SST2": [
        0.11090972125530243,
        -0.400261253118515,
        0.39343628883361814,
        -0.09128917064517736,
        0.35922365784645083,
        -0.19132496416568756,
        0.4899336934089661,
        0.4265466809272766,
        -1.7483942747116088,
        0.7062146782875061,
        1.6935879707336425,
        1.140705931186676
    ],
    "TREC": [
        0.1276964470744133,
        0.12953649014234542,
        0.18897785246372223,
        0.10809315294027329,
        0.10808758586645126,
        0.10983734726905822,
        0.1111872985959053,
        0.10857952684164048,
        0.12154958546161651,
        0.10928237438201904,
        0.1872562885284424,
        0.1680864691734314
    ],
    "MRPC": [
        0.08650407940149307,
        0.09086123406887055,
        0.08862764686346054,
        0.08490688353776932,
        0.08497409969568252,
        0.08633435666561126,
        0.08621521443128585,
        0.08522007018327712,
        0.08845391869544983,
        0.08430540710687637,
        0.08938408344984054,
        0.08837085217237473
    ],
    "NLI": [
        0.1358328491449356,
        0.17142433524131775,
        0.21503146588802338,
        0.20246213525533677,
        0.15500036031007766,
        -0.14524886906147003,
        0.08338318318128586,
        0.09362773001194,
        0.21580944657325746,
        -0.006897402834147215,
        1.864103078842163,
        1.4782864809036256
    ],
    "AVG_ALL": [
        0.16672146581113337,
        0.05159516688436269,
        0.26682310514152047,
        0.07584688293281942,
        0.14144612113013863,
        0.020246932748705145,
        0.14950902806594968,
        0.13989134682342408,
        -0.17683241470949726,
        0.18174960712203753,
        0.9996108688414097,
        0.7151319393888116
    ],
    "AVG_SENTEVAL": [
        0.1711341253348759,
        0.034476714261940544,
        0.2742219107491629,
        0.05775898974388838,
        0.1395098012472902,
        0.04388919015015874,
        0.15895557733518736,
        0.1465004349393504,
        -0.2329241091784622,
        0.20869917997292106,
        0.876111981698445,
        0.6061098620295524
    ]
}