{
    "CR": [
        0.0468523253997167,
        0.046016414960225425,
        0.04457429299751917,
        0.04450800890723864,
        0.047757066786289215,
        0.06024590010444323,
        0.11677589764197667,
        0.14818978806336722,
        0.1503757486740748,
        0.1634937177101771,
        0.07491351167360942,
        0.056297303487857185
    ],
    "AVG_ALL": [
        0.0468523253997167,
        0.046016414960225425,
        0.04457429299751917,
        0.04450800890723864,
        0.047757066786289215,
        0.06024590010444323,
        0.11677589764197667,
        0.14818978806336722,
        0.1503757486740748,
        0.1634937177101771,
        0.07491351167360942,
        0.056297303487857185
    ]
}