{
    "STSBenchmark": [
        0.2056143194437027,
        0.02925071120262146,
        0.027023159712553025,
        0.021908319741487502,
        0.027054472640156747,
        0.022041555121541025,
        0.13339636474847794,
        0.22759306132793428,
        0.21951065361499786,
        0.027314163371920587,
        0.02832057699561119,
        0.030972598120570183
    ],
    "AVG_ALL": [
        0.2056143194437027,
        0.02925071120262146,
        0.027023159712553025,
        0.021908319741487502,
        0.027054472640156747,
        0.022041555121541025,
        0.13339636474847794,
        0.22759306132793428,
        0.21951065361499786,
        0.027314163371920587,
        0.02832057699561119,
        0.030972598120570183
    ]
}