{
    "SICKRelatedness": [
        0.17991482317447663,
        0.1403529167175293,
        0.13025819063186644,
        0.06922056972980499,
        0.040630369633436206,
        0.04076353535056114,
        0.04589595347642898,
        0.044573903828859326,
        0.05007849633693695,
        0.05311862453818321,
        0.13708480894565583,
        0.0681078314781189
    ],
    "STSBenchmark": [
        0.1248205617070198,
        0.05163926035165787,
        0.10447364002466202,
        0.05506670698523521,
        0.045106203854084016,
        0.03568955138325691,
        0.08856006860733032,
        0.08023373633623124,
        0.08239552676677704,
        0.06829741150140763,
        0.15163645148277283,
        0.11208085715770721
    ],
    "AVG_ALL": [
        0.15236769244074821,
        0.09599608853459358,
        0.11736591532826424,
        0.0621436383575201,
        0.042868286743760114,
        0.038226543366909026,
        0.06722801104187964,
        0.06240382008254528,
        0.06623701155185699,
        0.06070801801979542,
        0.14436063021421433,
        0.09009434431791305
    ]
}