{
    "SICKRelatedness": [
        0.15660892724990844,
        0.1295636236667633,
        0.11663270890712737,
        0.12393191903829574,
        0.11295087933540345,
        0.10034155696630478,
        0.09631629735231399,
        0.04037444442510605,
        0.029316090419888495,
        0.0303896464407444,
        0.030701897293329238,
        0.032871998846530914
    ],
    "STSBenchmark": [
        0.20082221329212188,
        0.1424476146697998,
        0.12367453277111054,
        0.1299206167459488,
        0.10862605571746826,
        0.08749400824308395,
        0.08780468553304673,
        0.03137209825217724,
        0.019607428461313248,
        0.020950869470834733,
        0.022315915301442148,
        0.024963957071304322
    ],
    "AVG_ALL": [
        0.17871557027101515,
        0.13600561916828155,
        0.12015362083911896,
        0.12692626789212227,
        0.11078846752643585,
        0.09391778260469437,
        0.09206049144268036,
        0.03587327133864164,
        0.02446175944060087,
        0.025670257955789567,
        0.02650890629738569,
        0.028917977958917616
    ]
}