{
    "STSBenchmark": [
        0.19951101243495942,
        0.13855973482131959,
        0.09275060892105103,
        0.14803780913352965,
        0.12261966466903687,
        0.10087438523769379,
        0.08085056394338608,
        0.04539726302027702,
        0.014035031385719775,
        0.017138496041297913,
        0.01845463700592518,
        0.021770800277590752
    ],
    "AVG_ALL": [
        0.19951101243495942,
        0.13855973482131959,
        0.09275060892105103,
        0.14803780913352965,
        0.12261966466903687,
        0.10087438523769379,
        0.08085056394338608,
        0.04539726302027702,
        0.014035031385719775,
        0.017138496041297913,
        0.01845463700592518,
        0.021770800277590752
    ]
}