{
    "SICKRelatedness": [
        0.09601039737462998,
        0.04986663907766342,
        0.048730500787496564,
        0.04764236509799957,
        0.04667599201202392,
        0.045374760031700136,
        0.04498823806643486,
        0.043376102298498156,
        0.04128355011343956,
        0.06918221712112427,
        0.20268889367580414,
        0.26418033242225647
    ],
    "STSBenchmark": [
        0.08763160854578018,
        0.03923646435141563,
        0.04023322388529778,
        0.03939848691225052,
        0.03992914259433746,
        0.03971986994147301,
        0.039138659834861755,
        0.03637152537703514,
        0.03346477225422859,
        0.059866494685411456,
        0.19443608820438385,
        0.35057365894317627
    ],
    "AVG_ALL": [
        0.09182100296020508,
        0.044551551714539527,
        0.04448186233639717,
        0.04352042600512505,
        0.04330256730318069,
        0.04254731498658657,
        0.042063448950648306,
        0.03987381383776665,
        0.037374161183834076,
        0.06452435590326785,
        0.19856249094009398,
        0.30737699568271637
    ]
}