{
    "MR": [
        0.1147722527384758,
        0.09736604690551758,
        0.07965049743652344,
        0.05675576329231262,
        0.04244855046272278,
        0.0339901065453887,
        0.07693708762526512,
        0.12074344754219055,
        0.2322284311056137,
        0.2569797307252884,
        0.28469631671905515,
        0.2712763249874115
    ],
    "CR": [
        0.14332374483346938,
        0.1447528213262558,
        0.139901864528656,
        0.1298261135816574,
        0.12493168413639069,
        0.12261650264263153,
        0.13916550874710082,
        0.16592890918254852,
        0.24078572988510133,
        0.25125275254249574,
        0.25448424816131593,
        0.25095464289188385
    ],
    "SUBJ": [
        0.1655677765607834,
        0.16293190717697142,
        0.1461886763572693,
        0.1421443611383438,
        0.14990911185741423,
        0.1598694920539856,
        0.1752779394388199,
        0.1768882691860199,
        0.1929489940404892,
        0.2002983272075653,
        0.21165062487125397,
        0.2152848720550537
    ],
    "MPQA": [
        0.2421050876379013,
        0.21420111060142516,
        0.1739498883485794,
        0.14438330233097077,
        0.1350468337535858,
        0.13535896837711334,
        0.14537234902381896,
        0.15440796315670013,
        0.1810382276773453,
        0.18250305354595184,
        0.1899708092212677,
        0.1807143747806549
    ],
    "SST2": [
        0.3310496091842651,
        0.21201810538768767,
        0.098624087870121,
        0.021143888123333454,
        -0.06810609251260757,
        -0.044701666384935376,
        0.008126520831137896,
        -0.013853144238237292,
        0.29808982014656066,
        0.21620499193668366,
        0.24930616319179535,
        0.17627427279949187
    ],
    "TREC": [
        0.2543214976787567,
        0.25664094686508176,
        0.24439043998718263,
        0.23256684243679046,
        0.23743940591812135,
        0.25019592940807345,
        0.269877502322197,
        0.2734086126089096,
        0.2879466414451599,
        0.28551186323165895,
        0.28753283619880676,
        0.2761024683713913
    ],
    "MRPC": [
        0.07593278959393501,
        0.08931941613554954,
        0.09305586367845535,
        0.10556331127882004,
        0.11936445087194443,
        0.12855692952871323,
        0.1289779484272003,
        0.12482685148715973,
        0.121445631980896,
        0.1242169126868248,
        0.12568498253822327,
        0.12067351788282395
    ],
    "NLI": [
        -0.06791053786873817,
        0.010595299489796161,
        0.053894109651446344,
        -0.08663029745221137,
        -0.22375844717025756,
        0.02175251506268978,
        0.24293135106563568,
        0.19186536073684693,
        0.336685448884964,
        0.19334160089492797,
        0.18723441362380983,
        0.02483130064792931
    ],
    "AVG_ALL": [
        0.15739527754485608,
        0.14847820673603562,
        0.12870692848227916,
        0.09321916059125214,
        0.06465943716466427,
        0.10095484715420752,
        0.14833327593514695,
        0.14927703370776726,
        0.23639611564576626,
        0.21378865409642459,
        0.22382004931569102,
        0.18951397180208004
    ],
    "AVG_SENTEVAL": [
        0.18958182260394096,
        0.16817576491406983,
        0.139394474029541,
        0.11891194031174693,
        0.1058619920696531,
        0.11226946602442434,
        0.13481926520221998,
        0.1431929869893273,
        0.2220690680401666,
        0.21670966169663838,
        0.22904656870024548,
        0.21304006768124445
    ]
}