{
    "MR": [
        0.028288501128554345,
        0.014745332486927509,
        0.020734812319278716,
        0.01370777077972889,
        0.014788712561130523,
        0.01444033645093441,
        0.01634179297834635,
        0.015698801167309283,
        0.014406684413552284,
        0.015582609549164772,
        0.6606817364692688,
        0.17058290243148805
    ],
    "CR": [
        0.08355896919965744,
        0.08314842283725739,
        0.08311358541250229,
        0.08313937783241272,
        0.08309662193059922,
        0.0830410897731781,
        0.08313282281160354,
        0.08323042541742325,
        0.08303655385971069,
        0.08336116969585419,
        0.08412519246339797,
        0.08401577025651932
    ],
    "SUBJ": [
        0.007458938006311655,
        0.007448531873524189,
        0.008058907557278871,
        0.0077304476872086525,
        0.007558240555226803,
        0.007481009792536497,
        0.00777901029214263,
        0.007816394884139299,
        0.0076260646805167195,
        0.008211654890328646,
        0.6912560939788819,
        0.23157472312450408
    ],
    "MPQA": [
        0.04057341255247593,
        0.02404278013855219,
        0.06033741161227226,
        0.02341929841786623,
        0.0233969546854496,
        0.023591883853077887,
        0.02304928321391344,
        0.023327955044806004,
        0.023718962632119655,
        0.02376312278211117,
        0.5095215857028961,
        0.20125738382339478
    ],
    "SST2": [
        0.0024545344873331486,
        0.0018283493351191281,
        0.002315469377208501,
        0.001610115304356441,
        0.0017150569590739905,
        0.001687261793995276,
        0.001902234391309321,
        0.0018224070256110281,
        0.00177184579661116,
        0.0017382008780259639,
        0.7480670213699341,
        0.23308750987052917
    ],
    "TREC": [
        0.07959715574979782,
        0.08008190989494324,
        0.08184923529624939,
        0.07959459125995635,
        0.0795635461807251,
        0.07954486608505248,
        0.07931689471006394,
        0.07908163666725158,
        0.07985229939222335,
        0.07905526161193847,
        0.10201545357704163,
        0.1004471406340599
    ],
    "MRPC": [
        0.08349107801914216,
        0.08309936672449111,
        0.08302543312311172,
        0.0830958753824234,
        0.08305547684431076,
        0.08301274329423905,
        0.08310113400220871,
        0.08318649083375931,
        0.08303056955337525,
        0.08329030275344848,
        0.08438191413879395,
        0.08422960191965104
    ],
    "NLI": [
        0.004394088336266577,
        0.0012356826337054372,
        0.0014102811983320862,
        0.0010038078180514276,
        0.0010531796549912542,
        0.001001874456414953,
        0.0011871036374941468,
        0.0011037475429475307,
        0.0010869749705307186,
        0.001169898937223479,
        0.5293521642684936,
        0.4560011923313141
    ],
    "AVG_ALL": [
        0.041227084684942385,
        0.03695379699056503,
        0.04260564198702923,
        0.03666266056025051,
        0.036778473671438404,
        0.03672513318742859,
        0.036976284504635255,
        0.0369084823229059,
        0.03681624441232998,
        0.03702152763726189,
        0.42617514524608846,
        0.19514952804893257
    ],
    "AVG_SENTEVAL": [
        0.04648894130618179,
        0.042056384755830685,
        0.04849069352827168,
        0.04175678238056467,
        0.041882087102359425,
        0.04182845586328767,
        0.04208902462851256,
        0.04202344443432853,
        0.041920425761158446,
        0.04214318888012452,
        0.41143557110003054,
        0.15788500458002092
    ]
}