{
    "MR": [
        0.16473181545734406,
        0.03607349656522274,
        0.06020853891968727,
        0.06449008211493493,
        0.037891667685471475,
        0.1367201030254364,
        0.2718364417552948,
        0.34350972771644595,
        0.43695307374000547,
        0.5495141267776489,
        0.5320572853088379,
        0.18214136958122254
    ],
    "CR": [
        0.1820916622877121,
        0.1511898010969162,
        0.13863180279731752,
        0.19599607288837434,
        0.2148261696100235,
        0.24409956634044647,
        0.305045074224472,
        0.35085856914520264,
        0.3653236150741577,
        0.39367489218711854,
        0.3669954538345337,
        0.17265153229236602
    ],
    "SUBJ": [
        0.1919213652610779,
        0.18140092194080354,
        0.19208791553974153,
        0.23407462239265442,
        0.2574818283319473,
        0.27762637138366697,
        0.30445362329483033,
        0.32298449277877805,
        0.33698533177375795,
        0.35652672648429873,
        0.34168548583984376,
        0.23385265469551086
    ],
    "MPQA": [
        0.28936569690704345,
        0.2413622885942459,
        0.22809068560600282,
        0.2546068876981735,
        0.25848041474819183,
        0.26955096125602723,
        0.2939902901649475,
        0.2935811817646027,
        0.29961623549461364,
        0.2887215673923492,
        0.27132026553153993,
        0.09300320595502853
    ],
    "SST2": [
        0.21911002099514007,
        0.07914421781897545,
        0.03559926636517048,
        0.14188989102840424,
        0.023824465833604334,
        0.11291622370481491,
        0.253653421998024,
        0.3346718430519104,
        0.4608895301818848,
        0.6236467003822327,
        0.43624996542930605,
        0.005901800747960806
    ],
    "TREC": [
        0.3315076887607574,
        0.31407275795936584,
        0.304120871424675,
        0.3089746624231339,
        0.31248684525489806,
        0.3180108666419983,
        0.32462828159332274,
        0.3278608858585358,
        0.3273555874824524,
        0.31751673817634585,
        0.3057223826646805,
        0.21830552518367768
    ],
    "MRPC": [
        0.15307310819625855,
        0.14699454009532928,
        0.13860707283020018,
        0.18038243055343628,
        0.19341272115707397,
        0.20768783390522003,
        0.2254648894071579,
        0.26083817780017854,
        0.2774647116661072,
        0.294672828912735,
        0.3104820966720581,
        0.27817729115486145
    ],
    "NLI": [
        0.019336611311882735,
        0.034125997498631475,
        -0.06090976372361183,
        -0.13705924153327942,
        0.073568394780159,
        -0.18509989976882935,
        -0.22144711017608643,
        -0.09677553921937943,
        0.2519132137298584,
        0.5818980574607849,
        1.8646809339523316,
        0.23027792274951936
    ],
    "AVG_ALL": [
        0.19389224614715203,
        0.1480455026961863,
        0.12955454871989788,
        0.15541942594572902,
        0.1714965634251712,
        0.1726890033110976,
        0.21970311403274537,
        0.26719116736203435,
        0.34456266239285466,
        0.4257714547216892,
        0.5536492336541414,
        0.1767889127950184
    ],
    "AVG_SENTEVAL": [
        0.21882876540933335,
        0.16431971772440843,
        0.15676373621182785,
        0.19720209272844452,
        0.18548630180303008,
        0.22380170375108716,
        0.2827245746340071,
        0.3191864111593792,
        0.3577982979161399,
        0.40346765433038984,
        0.3663589907544,
        0.16914762565866112
    ]
}