{
    "MR": [
        0.030344695225358008,
        0.02810598462820053,
        0.026344994828104974,
        0.02471334524452686,
        0.02253551483154297,
        0.026007263734936715,
        0.05845955163240433,
        0.11993209719657898,
        0.16291891038417816,
        0.308802330493927,
        0.14509695768356323,
        0.04673835635185242
    ],
    "CR": [
        0.049669135361909866,
        0.04889612346887588,
        0.04747162163257599,
        0.04737688601016998,
        0.05008111447095871,
        0.06346082091331481,
        0.11748068034648895,
        0.1381641149520874,
        0.14079175889492035,
        0.1486787736415863,
        0.09075451493263245,
        0.05717446506023407
    ],
    "SUBJ": [
        0.03436928503215313,
        0.032813722267746925,
        0.029471001774072646,
        0.030033497512340544,
        0.05278434082865715,
        0.08820811361074447,
        0.13182905912399293,
        0.16395722031593324,
        0.15072531700134278,
        0.18622780442237855,
        0.04253323450684547,
        0.057047396153211596
    ],
    "MPQA": [
        0.060634934902191163,
        0.053908496350049975,
        0.05239807665348053,
        0.08740223795175553,
        0.10466582626104355,
        0.10756316035985947,
        0.1426503390073776,
        0.14577258825302125,
        0.06254128739237785,
        0.08459311872720718,
        0.04905593767762184,
        0.04881399944424629
    ],
    "SST2": [
        0.037812530249357226,
        0.029039804264903067,
        0.02485663630068302,
        0.02586928829550743,
        0.021980517357587815,
        0.03185111358761787,
        0.09424874186515808,
        0.16802163422107697,
        0.12880342900753022,
        0.356630939245224,
        0.057860440015792845,
        0.02302490696310997
    ],
    "TREC": [
        0.04422369226813316,
        0.04301181063055992,
        0.041041402518749236,
        0.05527028888463974,
        0.12976036369800567,
        0.1537751227617264,
        0.16566877961158752,
        0.17369532883167266,
        0.050913123041391374,
        0.044322983175516126,
        0.04273471757769585,
        0.05558238923549652
    ],
    "MRPC": [
        0.052820757031440735,
        0.05181451663374901,
        0.047801637649536134,
        0.04883133545517922,
        0.04911208748817444,
        0.04435701444745064,
        0.0618488259613514,
        0.10975203961133957,
        0.10695431530475616,
        0.1270703911781311,
        0.16063035130500794,
        0.13900673091411592
    ],
    "NLI": [
        0.003000187105499208,
        0.0027223478187806903,
        0.002269283717032522,
        0.0020969554199837146,
        0.002165123948361725,
        0.0021070253336802126,
        0.0023943295702338217,
        0.00327572210226208,
        0.006912632798776031,
        0.09087442234158516,
        0.7058743476867676,
        0.17630764245986938
    ],
    "AVG_ALL": [
        0.03910940214700531,
        0.036289100757858246,
        0.03395683188427938,
        0.04019922934676288,
        0.0541356111105415,
        0.06466620434366632,
        0.09682253838982434,
        0.12782134318549654,
        0.10132009672815911,
        0.16840009540319442,
        0.1618175626732409,
        0.07546198582276702
    ],
    "AVG_SENTEVAL": [
        0.04426786143864904,
        0.04108435117772647,
        0.03848362447960036,
        0.04564241133630276,
        0.06155996641942433,
        0.07360322991652148,
        0.11031228250690871,
        0.14561357476881573,
        0.11480687728949955,
        0.1794751915548529,
        0.08409516481416567,
        0.061055463446038113
    ]
}