{
    "MR": [
        0.07673887411753337,
        0.07630617171525955,
        0.07582194358110428,
        0.07547794530789058,
        0.07532303035259247,
        0.0782978485027949,
        0.08867442856232326,
        0.09171617776155472,
        0.09302641699711482,
        0.09359160314003627,
        0.09253546347220738,
        0.08249010642369588
    ],
    "CR": [
        0.08003632724285126,
        0.07992197573184967,
        0.07975223163763683,
        0.0798061912258466,
        0.08059117446343105,
        0.08405335247516632,
        0.08674903959035873,
        0.08715658138195674,
        0.08734083424011867,
        0.08744859943787257,
        0.08568964153528214,
        0.08145403365294139
    ],
    "SUBJ": [
        0.0766032338142395,
        0.07621255020300548,
        0.07544864465792973,
        0.0763578861951828,
        0.08349665254354477,
        0.08746179689963658,
        0.08928443988164265,
        0.09007905671993892,
        0.0909631277124087,
        0.09141127268473308,
        0.08115932842095692,
        0.081521970530351
    ],
    "MPQA": [
        0.08077940593163173,
        0.08052164564530055,
        0.08068515360355377,
        0.08499534179766972,
        0.08606703827778499,
        0.08630743622779846,
        0.08707657704750697,
        0.08716085801521938,
        0.08235517392555873,
        0.08483779182036717,
        0.07966326922178268,
        0.07955031593640645
    ],
    "SST2": [
        0.06480858599146207,
        0.0625962105890115,
        0.06053914626439413,
        0.059964859237273536,
        0.06106321389476458,
        0.07121605922778447,
        0.0967873012026151,
        0.10951028515895207,
        0.11614744365215302,
        0.12127846231063207,
        0.10470961531003316,
        0.0713788668314616
    ],
    "TREC": [
        0.07775462667147319,
        0.0776091863711675,
        0.07768741995096207,
        0.08412127445141475,
        0.08909812817970912,
        0.08978363126516342,
        0.0900896688302358,
        0.09027330577373505,
        0.08483229577541351,
        0.08141922205686569,
        0.07753646622101466,
        0.07979479680458705
    ],
    "MRPC": [
        0.08191031217575073,
        0.081927885611852,
        0.08180737992127736,
        0.08191032707691193,
        0.08188215394814809,
        0.0814882218837738,
        0.08289906134208043,
        0.08520981172720592,
        0.08492697030305862,
        0.08536573499441147,
        0.08522000660498937,
        0.08545213689406712
    ],
    "NLI": [
        0.049747961262861885,
        0.04626150925954183,
        0.044297260542710624,
        0.04234370837608973,
        0.042124710977077484,
        0.04226428394516309,
        0.045602639516194664,
        0.056572895497083664,
        0.10569773614406586,
        0.17187035083770752,
        0.19597777227560678,
        0.15723914901415506
    ],
    "AVG_ALL": [
        0.07354741590097547,
        0.07266964189087352,
        0.0720048975199461,
        0.07312219170853494,
        0.07495576282963158,
        0.07760907880341013,
        0.08339539449661972,
        0.0872098715044558,
        0.0931612498437365,
        0.10215287966032822,
        0.10031144538273414,
        0.0898601720109582
    ],
    "AVG_SENTEVAL": [
        0.07694733799213456,
        0.07644223226677804,
        0.07596313137383688,
        0.07751911789888426,
        0.07964591309428216,
        0.08265833521173113,
        0.08879435949382329,
        0.09158658236265182,
        0.09137032322940374,
        0.09219324092070261,
        0.0866448272551809,
        0.08023460386764436
    ]
}