{
    "MR": [
        0.0532950185239315,
        0.05302067995071411,
        0.05333705917000771,
        0.05250192806124687,
        0.05169200003147125,
        0.051808645576238634,
        0.05127915665507317,
        0.051362025737762454,
        0.051482352614402774,
        0.05252888575196266,
        0.05288989245891571,
        0.03810777068138123,
        0.037829029560089114,
        0.040209345519542694,
        0.04304580315947533,
        0.036663174629211426,
        0.037314805388450625,
        0.03736782670021057,
        0.03783668652176857,
        0.03864268288016319,
        0.0388195775449276,
        0.038965648412704466
    ],
    "CR": [
        0.04737138152122498,
        0.04741119220852852,
        0.04747616872191429,
        0.047436831146478654,
        0.04739189967513084,
        0.04743395894765854,
        0.04738766849040985,
        0.04745178446173668,
        0.04764268547296524,
        0.04791097939014435,
        0.048062963783740996,
        0.043641690909862516,
        0.04364051893353462,
        0.04478527382016182,
        0.04539826139807701,
        0.0422646701335907,
        0.042485542595386505,
        0.042684367299079894,
        0.042736248672008516,
        0.04305780157446861,
        0.04315465688705444,
        0.0431734561920166
    ],
    "SUBJ": [
        0.04756413474678993,
        0.048206187039613727,
        0.04860771298408508,
        0.04801174700260162,
        0.0483451783657074,
        0.048951555788516996,
        0.04884567707777023,
        0.0479987658560276,
        0.04784438982605934,
        0.04753280356526375,
        0.04757250919938087,
        0.03719885721802711,
        0.037166303396224974,
        0.038087913393974306,
        0.039920391887426375,
        0.03659927248954773,
        0.039249297231435776,
        0.042382676154375076,
        0.04667344465851784,
        0.050390688329935075,
        0.05053204447031021,
        0.05231843590736389
    ],
    "MPQA": [
        0.050347857922315595,
        0.05045451298356056,
        0.05055933967232704,
        0.05049586445093155,
        0.050469229370355605,
        0.05048886314034462,
        0.05042325481772423,
        0.050593724101781846,
        0.05083710551261902,
        0.05096762776374817,
        0.0508837565779686,
        0.04015049189329147,
        0.04024885967373848,
        0.04023851975798607,
        0.040027350187301636,
        0.04018578976392746,
        0.04033912196755409,
        0.040369489789009096,
        0.040353601425886156,
        0.040585332363843915,
        0.04058841019868851,
        0.040391885489225385
    ],
    "SST2": [
        0.09209185466170311,
        0.08737453743815422,
        0.08723557144403457,
        0.07140633836388588,
        0.06235833987593651,
        0.06531902104616165,
        0.055586240440607074,
        0.059203069657087326,
        0.0730814017355442,
        0.07330129742622375,
        0.06626647487282752,
        0.0178416364826262,
        0.017912366706877948,
        0.020416203886270523,
        0.01997680328786373,
        0.017295744363218547,
        0.017977907415479423,
        0.018102376628667115,
        0.018514006119221448,
        0.019418801926076413,
        0.019493957981467247,
        0.019826079532504082
    ],
    "TREC": [
        0.046899153292179106,
        0.04710625261068344,
        0.04732689335942268,
        0.04732217490673065,
        0.04721396341919899,
        0.04745284840464592,
        0.048017996549606326,
        0.04857451319694519,
        0.04897632598876953,
        0.04972577169537544,
        0.050810407102108004,
        0.03774067237973213,
        0.03829947561025619,
        0.03932758122682571,
        0.04084868133068085,
        0.039292150735855104,
        0.04118594452738762,
        0.04421054869890213,
        0.045509468764066696,
        0.04740632846951485,
        0.048351777344942094,
        0.04840105846524238
    ],
    "MRPC": [
        0.04774373471736908,
        0.047722894698381424,
        0.047783148288726804,
        0.04756319522857666,
        0.047351013869047165,
        0.04739956930279732,
        0.04728029146790504,
        0.04709116891026497,
        0.04712876975536347,
        0.04779359772801399,
        0.048445972800254825,
        0.04540462493896484,
        0.04529574438929558,
        0.04642875716090202,
        0.04705074355006218,
        0.041874782741069795,
        0.04219489991664886,
        0.04202190712094307,
        0.041597480326890944,
        0.04165883287787438,
        0.04156923219561577,
        0.04159966334700584
    ],
    "NLI": [
        0.12942928522825242,
        0.08305819481611251,
        0.0643725648522377,
        0.0539059691131115,
        0.047570820152759555,
        0.04529667682945728,
        0.041521302238106725,
        0.03976947218179703,
        0.042256178334355354,
        0.061083811521530154,
        0.10978915318846702,
        0.01928717945702374,
        0.02139619654044509,
        0.036943094432353975,
        0.05805453360080719,
        0.01990879001095891,
        0.022376855462789537,
        0.022123418375849725,
        0.020575390104204415,
        0.01994325965642929,
        0.019979973789304495,
        0.021357890963554383
    ],
    "AVG_ALL": [
        0.06434280257672072,
        0.058044306468218565,
        0.05583730731159448,
        0.05233050603419542,
        0.05029905559495091,
        0.05051889237947762,
        0.04879269846715033,
        0.04900556551292539,
        0.05115615115500987,
        0.05385559685528278,
        0.059340141247957945,
        0.034921615495113655,
        0.035223561851307754,
        0.038304586149752136,
        0.041790321050211784,
        0.03426054685842246,
        0.035390546813141556,
        0.036157826345879586,
        0.03672454082407057,
        0.037637966009788214,
        0.037811203801538795,
        0.038254264788702134
    ],
    "AVG_SENTEVAL": [
        0.055044733626501904,
        0.05447089384709086,
        0.05461798480578831,
        0.05210543988006455,
        0.05068880351526396,
        0.05126492317233767,
        0.0498314693570137,
        0.050325007417372294,
        0.0524275758436748,
        0.05282299476010459,
        0.05213313954217093,
        0.03715510635769793,
        0.03719889975285956,
        0.0384990849665233,
        0.039466862114412436,
        0.03631079783663154,
        0.03724964557747756,
        0.03816274177016956,
        0.03903156235548002,
        0.0401657812031252,
        0.04035852237471512,
        0.04066803247800895
    ]
}