{
    "MR": [
        0.1304044768214226,
        0.10347031503915786,
        0.08711712509393692,
        0.0734308771789074,
        0.05341565851122141,
        0.08815798200666905,
        0.11257520020008087,
        0.1735019028186798,
        0.29414289593696596,
        0.30161620378494264,
        0.296223920583725,
        0.28570438325405123
    ],
    "CR": [
        0.16269872486591339,
        0.15431747436523438,
        0.15638992190361023,
        0.1438836246728897,
        0.14341292381286622,
        0.1487622082233429,
        0.1708877205848694,
        0.20353910326957703,
        0.2644074082374573,
        0.2665088564157486,
        0.2616903066635132,
        0.25868424475193025
    ],
    "SUBJ": [
        0.16988633275032045,
        0.1674852728843689,
        0.16823264360427856,
        0.17692701816558837,
        0.17850299477577208,
        0.19165839552879332,
        0.19744730293750762,
        0.20927562713623046,
        0.2317541778087616,
        0.23931384980678558,
        0.247507306933403,
        0.2479338377714157
    ],
    "MPQA": [
        0.30327763557434084,
        0.25808919966220856,
        0.21641682386398314,
        0.19105356335639953,
        0.15730289220809937,
        0.1750563770532608,
        0.19107236266136168,
        0.1970674455165863,
        0.233670175075531,
        0.22189699709415436,
        0.21657187938690187,
        0.1949801564216614
    ],
    "SST2": [
        0.40990989804267886,
        0.1491311639547348,
        0.037846313789486885,
        0.03870294131338596,
        -0.1343001678586006,
        -0.011786111164838076,
        0.006807172601111233,
        0.0004930577240884304,
        0.5077047109603882,
        0.31936041116714475,
        0.2038997992873192,
        0.10678051747381687
    ],
    "TREC": [
        0.25376553237438204,
        0.25249484181404114,
        0.2518085211515427,
        0.2536959946155548,
        0.2567546755075455,
        0.26517370343208313,
        0.2729728102684021,
        0.27540791034698486,
        0.2828104317188263,
        0.276660680770874,
        0.27572170495986936,
        0.26900577545166016
    ],
    "MRPC": [
        0.09432280510663986,
        0.09602147787809372,
        0.10978644788265228,
        0.1340595155954361,
        0.14275851249694824,
        0.15469507724046708,
        0.15910108387470245,
        0.15974798500537873,
        0.15823689997196197,
        0.15382826924324036,
        0.14261242151260375,
        0.1401478573679924
    ],
    "NLI": [
        -0.16138898730278015,
        -0.0881080761551857,
        0.01042385371401906,
        -0.013761619105935097,
        -0.08506825305521488,
        0.2434181272983551,
        0.3244615137577057,
        0.36589465141296384,
        0.427086329460144,
        0.23118762969970702,
        0.11742226928472518,
        -0.055205905437469484
    ],
    "AVG_ALL": [
        0.17035955227911473,
        0.13661270868033168,
        0.1297527063754387,
        0.12474898947402835,
        0.08909740454982966,
        0.15689196995226667,
        0.17941564586071762,
        0.1981159604038112,
        0.2999766286462545,
        0.2512966122478247,
        0.22020620107650757,
        0.18100385838188232
    ],
    "AVG_SENTEVAL": [
        0.21775220079081398,
        0.16871567794254846,
        0.14679968532707008,
        0.14453621927116597,
        0.11397821277912175,
        0.1445310903313969,
        0.15869480758971935,
        0.17414757597393224,
        0.28181809995855606,
        0.2541693240404129,
        0.23488961990390506,
        0.2147481103560754
    ]
}