{
    "MR": [
        0.05837768092751503,
        0.0553474560379982,
        0.056250912696123125,
        0.05670327916741371,
        0.054394399374723436,
        0.048112932592630386,
        0.05703363195061684,
        0.06760379299521446,
        0.12424077093601227,
        0.13910638988018037,
        0.1489238977432251,
        0.13390487432479858
    ],
    "CR": [
        0.06332103982567787,
        0.06294389739632607,
        0.06358581706881523,
        0.06464432254433632,
        0.06377311497926712,
        0.0596950463950634,
        0.06665479689836502,
        0.07664510607719421,
        0.11826978772878646,
        0.12245510667562484,
        0.12292530238628388,
        0.11508665978908539
    ],
    "SUBJ": [
        0.06792013868689536,
        0.0678577296435833,
        0.0683277390897274,
        0.06879388839006424,
        0.068526741117239,
        0.07111312001943589,
        0.08917489647865295,
        0.09204030781984329,
        0.09836854040622711,
        0.10212041437625885,
        0.1037052884697914,
        0.10205117762088775
    ],
    "MPQA": [
        0.07642496824264526,
        0.07256156355142593,
        0.06848007291555405,
        0.06822063475847244,
        0.06938522011041641,
        0.07088581770658493,
        0.09222358316183091,
        0.09506101310253143,
        0.10250751823186874,
        0.1060767725110054,
        0.10746210813522339,
        0.07071072161197663
    ],
    "SST2": [
        0.11092396080493927,
        0.08189060240983963,
        0.05862334817647934,
        0.045285260677337645,
        0.03491030186414719,
        0.026190131902694702,
        0.030893969908356668,
        0.03488444797694683,
        0.16088819205760957,
        0.13954594731330872,
        0.16674528121948243,
        0.10921854972839355
    ],
    "TREC": [
        0.05018074139952659,
        0.05005736723542213,
        0.049979695677757265,
        0.049482188373804095,
        0.04797820895910263,
        0.05918679684400559,
        0.11864812076091766,
        0.12299351692199707,
        0.1373222589492798,
        0.13525935709476472,
        0.1279420018196106,
        0.050969740748405455
    ],
    "MRPC": [
        0.07489017397165298,
        0.07516455501317978,
        0.07540364265441894,
        0.07616859078407287,
        0.07816591262817382,
        0.0909681037068367,
        0.09131849706172943,
        0.08950316011905671,
        0.08910994976758957,
        0.08965072482824325,
        0.08797466158866882,
        0.08168203681707382
    ],
    "NLI": [
        0.02658014968037605,
        0.0269066222012043,
        0.02795908451080322,
        0.02726740315556526,
        0.025422700494527817,
        0.038951250910758975,
        0.11104094982147217,
        0.11695137023925781,
        0.21425845921039582,
        0.18182786107063292,
        0.1412476807832718,
        0.061586473137140274
    ],
    "AVG_ALL": [
        0.06607735669240355,
        0.06159122418612242,
        0.05857628909870982,
        0.05707069598138332,
        0.05531957494094968,
        0.05813790000975131,
        0.08212355575524272,
        0.08696033940650523,
        0.13062068466097115,
        0.12700532171875237,
        0.1258657777681947,
        0.09065127922222019
    ],
    "AVG_SENTEVAL": [
        0.07171981483697891,
        0.06654616732682501,
        0.06295017546841077,
        0.061328309242214475,
        0.05959055700472423,
        0.06087884988103593,
        0.07799249946006707,
        0.08267590643039771,
        0.11867243115391049,
        0.11917353038276943,
        0.12366836305175509,
        0.0948033943772316
    ]
}