{
    "MR": [
        0.03480398844694719,
        0.0068716024979949,
        0.011339226132258773,
        -0.01667673634365201,
        -0.017301890440285204,
        -0.011769694555550814,
        0.04351584166288376,
        0.03453831216320395,
        0.23753441274166107,
        0.2922297239303589,
        0.37989647388458253,
        0.41855486631393435
    ],
    "CR": [
        0.028236497193574905,
        0.06047177836298943,
        0.043776295334100726,
        0.060602590441703796,
        0.05685635693371296,
        0.08953651078045369,
        0.1340754359960556,
        0.1241739645600319,
        0.2551760017871857,
        0.29670003056526184,
        0.32684829235076907,
        0.3457207024097443
    ],
    "SUBJ": [
        0.040049145370721816,
        0.12201887220144272,
        0.11410552263259888,
        0.1509271427989006,
        0.2046796053647995,
        0.22887479960918428,
        0.21926210224628448,
        0.209808412194252,
        0.22278934717178345,
        0.229901522397995,
        0.2469430923461914,
        0.26089897453784944
    ],
    "MPQA": [
        0.04393212720751762,
        0.0874596357345581,
        0.05180603042244911,
        0.0944679170846939,
        0.14146433174610137,
        0.1566135734319687,
        0.18572160899639129,
        0.1991230070590973,
        0.22043891549110411,
        0.23751783668994902,
        0.2900719285011292,
        0.2963942766189575
    ],
    "SST2": [
        0.04346696510910988,
        -0.0545643144287169,
        -0.022504441859200596,
        0.021922484319657088,
        -0.029646238684654234,
        0.08533646315336227,
        0.05296604037284851,
        -0.13399651139043273,
        0.24883700907230377,
        0.1741744302213192,
        0.3599438488483429,
        0.5386792480945587
    ],
    "TREC": [
        0.04039898924529552,
        0.11688594073057175,
        0.06439454853534698,
        0.11818719059228897,
        0.2265520930290222,
        0.3109353244304657,
        0.36090928316116333,
        0.3582784175872803,
        0.40689518451690676,
        0.40505856871604917,
        0.4340375423431396,
        0.43545064330101013
    ],
    "MRPC": [
        0.036060719005763534,
        0.04966371729969978,
        0.048242568224668506,
        0.07716238498687744,
        0.09888382107019425,
        0.15675076544284822,
        0.15777082443237306,
        0.13804052174091339,
        0.1452471435070038,
        0.15609737038612365,
        0.15613484680652617,
        0.17580400705337523
    ],
    "NLI": [
        -0.0012288744415855034,
        -0.12886396050453186,
        -0.05398480370640755,
        -0.10032412484288215,
        -0.22486505508422852,
        -0.012357263825833797,
        0.2196219027042389,
        0.0707960594445467,
        0.3209644675254822,
        0.2528891623020172,
        0.29708315134048463,
        0.17317751348018645
    ],
    "AVG_ALL": [
        0.03321494464216813,
        0.03249290898675099,
        0.032146868214476855,
        0.05078360612969845,
        0.057077877991832796,
        0.12549005980836228,
        0.17173037994652987,
        0.1250952729198616,
        0.25723531022667884,
        0.25557108065113426,
        0.31136989705264567,
        0.33058502897620196
    ],
    "AVG_SENTEVAL": [
        0.0381354902255615,
        0.05554389034264854,
        0.0444513927746032,
        0.0723704248400671,
        0.09735543985984155,
        0.14518253461324743,
        0.1648887338382857,
        0.13285230341633517,
        0.24813114489827837,
        0.2559542118438653,
        0.31341086072581154,
        0.3530718169042042
    ]
}