{
    "SICKRelatedness": [
        0.08925804644823074,
        0.048941980302333835,
        0.04813084527850151,
        0.046955373138189316,
        0.046254558861255644,
        0.0453137643635273,
        0.04503438025712967,
        0.04346422851085663,
        0.04139706194400787,
        0.07517719864845276,
        0.2050081253051758,
        0.2650644600391388
    ],
    "STSBenchmark": [
        0.09975342601537704,
        0.03908872231841087,
        0.039842477440834044,
        0.0390461303293705,
        0.03987588882446289,
        0.03969217613339424,
        0.039087552577257156,
        0.03615126684308052,
        0.033034705370664594,
        0.06435364037752152,
        0.19003624320030213,
        0.3400377810001373
    ],
    "AVG_ALL": [
        0.09450573623180389,
        0.044015351310372354,
        0.04398666135966778,
        0.04300075173377991,
        0.04306522384285927,
        0.04250297024846077,
        0.04206096641719341,
        0.039807747676968576,
        0.03721588365733623,
        0.06976541951298715,
        0.19752218425273896,
        0.30255112051963806
    ]
}