{
    "MR": [
        0.034136322885751726,
        0.032697250694036485,
        0.03115702234208584,
        0.02954496517777443,
        0.031065842136740685,
        0.09598050415515899,
        0.15681417882442475,
        0.18028328716754913,
        0.15227356255054475,
        0.13214364349842073,
        0.08925179839134216,
        0.03465159125626087
    ],
    "CR": [
        0.04564779698848724,
        0.044747966527938846,
        0.043851655721664426,
        0.0428585410118103,
        0.05194223299622536,
        0.1187827691435814,
        0.13588477522134781,
        0.13425933867692946,
        0.12983910292387008,
        0.11927629262208939,
        0.08626294732093812,
        0.04664658159017563
    ],
    "SUBJ": [
        0.03586156629025936,
        0.03427147716283798,
        0.03326731696724892,
        0.03126905001699924,
        0.05271274298429489,
        0.09131313562393188,
        0.15137927532196044,
        0.14154109954833985,
        0.1407197892665863,
        0.12529675513505936,
        0.12583597749471664,
        0.03653181903064251
    ],
    "MPQA": [
        0.05211968347430229,
        0.04888036474585533,
        0.04719206765294075,
        0.041871608793735506,
        0.08101920634508133,
        0.1388816714286804,
        0.1536283940076828,
        0.1483954071998596,
        0.11485385745763779,
        0.08964426666498185,
        0.04330402314662933,
        0.04020944982767105
    ],
    "SST2": [
        0.034821835532784465,
        0.02338571846485138,
        0.021568155288696288,
        0.016350852139294148,
        0.025174251571297646,
        0.1420198291540146,
        0.3290841817855835,
        0.15173402130603791,
        0.12607341557741164,
        0.08668265044689179,
        0.024663299322128296,
        0.01844179257750511
    ],
    "TREC": [
        0.04141546487808227,
        0.04017222709953785,
        0.039600645378232005,
        0.04231406636536121,
        0.10568945556879043,
        0.12083839476108552,
        0.1257203623652458,
        0.13041987121105195,
        0.13150896579027177,
        0.12076679021120071,
        0.060939065366983416,
        0.040614678710699084
    ],
    "MRPC": [
        0.0650316208600998,
        0.06576181799173356,
        0.0630296640098095,
        0.06262353956699371,
        0.06366443708539009,
        0.09886837750673294,
        0.10370699018239975,
        0.10203593820333481,
        0.10468405336141587,
        0.11263691186904908,
        0.09502798020839691,
        0.06292866915464401
    ],
    "NLI": [
        0.005770150572061539,
        0.004735795874148607,
        0.0032661767676472665,
        0.002893307711929083,
        0.005240250797942281,
        0.037353338301181795,
        0.08495507240295411,
        0.5960710406303406,
        0.19488307237625122,
        0.05327626913785934,
        0.007338896673172712,
        0.0042166181840002535
    ],
    "AVG_ALL": [
        0.039350555185228585,
        0.036831577320117506,
        0.03536658801604063,
        0.0337157413479872,
        0.05206355243572034,
        0.10550475250929595,
        0.15514665376394987,
        0.19809250049293037,
        0.13685447741299867,
        0.10496544744819404,
        0.06657799849053844,
        0.03553015004144982
    ],
    "AVG_SENTEVAL": [
        0.04414775584425245,
        0.041416688955255916,
        0.039952361051525394,
        0.038118946153138364,
        0.05875259552683149,
        0.11524066882474082,
        0.1651740225298064,
        0.1412384233304432,
        0.128564678132534,
        0.11234961577824186,
        0.0750407273215907,
        0.040003511735371186
    ]
}