{
    "MR": [
        0.03883011713624,
        0.03774678483605385,
        0.03660419210791588,
        0.03511200472712517,
        0.03775019980967045,
        0.10128803998231888,
        0.14484844207763672,
        0.1549529790878296,
        0.14261639714241028,
        0.13089236319065095,
        0.09928010702133179,
        0.0400783583521843
    ],
    "CR": [
        0.05196957513689995,
        0.05119296237826347,
        0.050659990310668944,
        0.0499798446893692,
        0.06030423641204834,
        0.11359372437000274,
        0.1245870515704155,
        0.12256049364805222,
        0.11972993165254593,
        0.1128287985920906,
        0.08973618745803832,
        0.05285720303654671
    ],
    "SUBJ": [
        0.03755494654178619,
        0.036224395781755445,
        0.035122016072273256,
        0.033275822550058363,
        0.05654613375663757,
        0.09607589840888978,
        0.14530875086784362,
        0.13734664022922516,
        0.13556465804576873,
        0.1193873107433319,
        0.128529953956604,
        0.03906348869204521
    ],
    "MPQA": [
        0.05615680515766144,
        0.05253607630729675,
        0.0541350431740284,
        0.05011483207345009,
        0.0915329024195671,
        0.125380077958107,
        0.1355901464819908,
        0.1306784123182297,
        0.10911819338798523,
        0.09369412213563919,
        0.052285172045230865,
        0.04877821356058121
    ],
    "SST2": [
        0.042284967750310896,
        0.023563365265727044,
        0.021762565523386002,
        0.016009887494146825,
        0.02455639950931072,
        0.14104361832141876,
        0.3335211455821991,
        0.1392736867070198,
        0.12673465758562089,
        0.08434507697820663,
        0.027273431420326233,
        0.019631190970540047
    ],
    "TREC": [
        0.045958385616540906,
        0.044898656010627744,
        0.04484519734978676,
        0.050261794775724414,
        0.11008224934339524,
        0.11751893609762191,
        0.11857965141534806,
        0.12087695300579071,
        0.12081210017204284,
        0.1148623213171959,
        0.06577291935682297,
        0.04553083926439285
    ],
    "MRPC": [
        0.06428173407912255,
        0.06564780175685883,
        0.06297754049301148,
        0.062386303395032885,
        0.06476285830140113,
        0.09934080094099045,
        0.10381070077419281,
        0.10396621823310852,
        0.10585418790578842,
        0.1109166368842125,
        0.09254802465438842,
        0.06350718513131141
    ],
    "NLI": [
        0.0058891626074910166,
        0.0050520617980509995,
        0.003610909776762128,
        0.003237492358312011,
        0.006815036665648222,
        0.041559047251939776,
        0.0880146250128746,
        0.5797126412391662,
        0.19677024185657502,
        0.05630897954106331,
        0.007940669544041157,
        0.005089137144386769
    ],
    "AVG_ALL": [
        0.04286571175325662,
        0.03960776301682927,
        0.03871468185097911,
        0.037547247757902365,
        0.05654375202720985,
        0.10447501791641116,
        0.14928256422281266,
        0.18617100305855272,
        0.13215004596859214,
        0.10290445117279887,
        0.07042080818209796,
        0.03931695201899856
    ],
    "AVG_SENTEVAL": [
        0.04814807591693742,
        0.04454429176236902,
        0.0437295064330101,
        0.04244864138641528,
        0.06364785422171866,
        0.11346301372562136,
        0.15803512696708952,
        0.1299507690327508,
        0.12291858941316602,
        0.10956094712018967,
        0.07934654227324893,
        0.04420663985822882
    ]
}