{
    "MR": [
        0.12784186452627183,
        0.10574175715446472,
        0.08544323742389678,
        0.06506973784416914,
        0.04473154433071613,
        0.0871471470221877,
        0.11243698112666607,
        0.17411235123872756,
        0.31690598726272584,
        0.31819788813591005,
        0.31064850091934204,
        0.2943907380104065
    ],
    "CR": [
        0.15966682136058807,
        0.15285797119140626,
        0.15338076055049896,
        0.14412514567375184,
        0.14424708783626555,
        0.14946593046188356,
        0.17257799804210663,
        0.20476080477237701,
        0.27243283987045286,
        0.27539959251880647,
        0.269826152920723,
        0.2652904063463211
    ],
    "SUBJ": [
        0.16524894833564757,
        0.16661452054977416,
        0.16653180718421937,
        0.1763915479183197,
        0.17927121222019196,
        0.1942813515663147,
        0.20239293873310088,
        0.21380552947521209,
        0.23703212141990662,
        0.24626779556274414,
        0.25563251972198486,
        0.2575798660516739
    ],
    "MPQA": [
        0.24609755277633666,
        0.21810034215450286,
        0.19774879217147828,
        0.18273977637290956,
        0.1672742784023285,
        0.1780236542224884,
        0.19002129137516022,
        0.19188215136528014,
        0.2073836863040924,
        0.20190507769584656,
        0.1990866780281067,
        0.1885532945394516
    ],
    "SST2": [
        0.43134979009628294,
        0.14356865286827086,
        0.03377890196861699,
        0.02768442388623953,
        -0.14807999581098558,
        -0.020878709852695465,
        -0.011053659208118915,
        -0.01847572922706604,
        0.5830083191394806,
        0.3238252460956573,
        0.20029225647449495,
        0.0995515912771225
    ],
    "TREC": [
        0.2864060640335083,
        0.28145665526390073,
        0.2780537188053131,
        0.2822830557823181,
        0.2864811420440674,
        0.3009156882762909,
        0.3142054557800293,
        0.31707304120063784,
        0.3289644718170166,
        0.31811751127243043,
        0.31731042861938474,
        0.3042880117893219
    ],
    "MRPC": [
        0.09288353025913239,
        0.09328476637601853,
        0.10111717283725738,
        0.12311393916606903,
        0.12901408672332765,
        0.1349047154188156,
        0.1381186217069626,
        0.136470428109169,
        0.13502054512500763,
        0.13038090169429778,
        0.12295822650194169,
        0.1159251481294632
    ],
    "NLI": [
        -0.16061748564243317,
        -0.09984567165374755,
        0.01735516143962741,
        0.0011945970356464386,
        -0.059709989838302134,
        0.24831947386264802,
        0.32824415564537046,
        0.3626574158668518,
        0.4195625901222229,
        0.23493558764457703,
        0.11328931003808976,
        -0.038856732100248335
    ],
    "AVG_ALL": [
        0.1686096357181668,
        0.13272237423807384,
        0.12917619404761355,
        0.1253252779599279,
        0.0929036707384512,
        0.1590224063722417,
        0.18086797290015966,
        0.1977857491001487,
        0.3125388201326132,
        0.25612870007753374,
        0.22363050915300847,
        0.18584029050543904
    ],
    "AVG_SENTEVAL": [
        0.21564208162682394,
        0.1659463807940483,
        0.14515062727732583,
        0.1430582323776824,
        0.11470562224941595,
        0.1462656824450408,
        0.15981423250798668,
        0.17423265384776254,
        0.2972497101340975,
        0.2591562875679561,
        0.23939353759799684,
        0.2179398651633944
    ]
}